date,time,Humi,Temp,EC,PH,N,P,K
10/7/2024,15:13:27,20.1,27.7,111,6.8,0,10,2
10/7/2024,15:43:27,18.3,27.7,111,7.1,0,10,2
10/7/2024,16:13:27,19.7,27.8,111,7.3,0,10,2
10/7/2024,16:43:27,18.7,27.8,111,7.5,0,10,2
10/7/2024,17:13:27,17.4,27.8,111,7.6,0,10,2
10/7/2024,17:43:27,20.6,27.8,111,7.7,0,10,2
10/7/2024,18:13:27,19,27.8,111,7.8,0,10,2
10/7/2024,18:43:27,18.7,27.8,111,7.8,0,10,2
10/7/2024,19:13:27,20.1,27.8,111,7.8,0,10,2
10/7/2024,19:43:27,18.7,27.7,111,7.8,0,10,2
10/7/2024,20:13:27,18.3,27.7,111,7.9,0,10,2
10/7/2024,20:43:27,18.1,27.6,111,7.8,0,10,2
10/7/2024,21:13:27,18.7,27.6,111,7.9,0,10,2
10/7/2024,21:43:27,19.5,27.6,111,7.8,0,10,2
10/7/2024,22:13:27,18.7,27.6,111,7.8,0,10,2
10/7/2024,22:43:27,17.9,27.5,111,7.7,0,10,2
10/7/2024,23:13:27,17.9,27.5,111,7.7,0,10,2
10/7/2024,23:43:27,18,27.5,111,7.7,0,10,2
11/7/2024,0:13:27,18.9,27.4,111,7.6,0,10,2
11/7/2024,0:43:27,18,27.4,111,7.6,0,10,2
11/7/2024,1:13:27,18.5,27.3,110,7.6,0,10,2
11/7/2024,1:43:27,18.3,27.3,111,7.6,0,10,2
11/7/2024,2:13:27,19.1,27.2,110,7.6,0,10,2
11/7/2024,2:43:27,20.1,27.2,110,7.6,0,10,2
11/7/2024,3:13:27,17.4,27.2,110,7.6,0,10,2
11/7/2024,3:43:27,18,27.1,110,7.7,0,10,2
11/7/2024,4:13:27,19.5,27.1,110,7.7,0,10,2
11/7/2024,4:43:27,19.3,27.1,110,7.7,0,10,2
11/7/2024,5:13:27,17.8,27.1,110,7.7,0,10,2
11/7/2024,5:43:27,19.1,27,110,7.7,0,10,2
11/7/2024,6:13:27,18,27,110,7.7,0,10,2
11/7/2024,6:43:27,17.8,26.9,110,7.7,0,10,2
11/7/2024,7:13:27,19.5,26.9,110,7.7,0,10,2
11/7/2024,7:43:27,18.9,26.9,110,7.7,0,10,2
11/7/2024,8:13:27,17.4,26.9,110,7.7,0,10,2
11/7/2024,8:43:27,17.4,26.9,110,7.7,0,10,2
11/7/2024,9:13:27,17.8,26.9,110,7.8,0,10,2
11/7/2024,9:43:27,19.5,26.9,110,7.8,0,10,2
11/7/2024,10:13:27,17.8,27.1,110,7.8,0,10,2
11/7/2024,10:43:27,19.7,27.1,110,7.7,0,10,2
11/7/2024,11:13:27,17.1,27.3,110,7.8,0,10,2
11/7/2024,11:43:27,17.1,27.4,110,7.8,0,10,2
11/7/2024,12:13:27,17.4,27.5,110,7.8,0,10,2
11/7/2024,12:43:27,16.2,27.8,110,7.8,0,10,2
11/7/2024,13:13:27,16.6,28.1,110,7.9,0,10,2
11/7/2024,13:43:27,17.1,28.5,110,7.9,0,10,2
11/7/2024,14:13:27,17.3,28.8,110,7.9,0,10,2
11/7/2024,14:43:27,17.2,28.8,110,7.9,0,10,2
11/7/2024,15:13:27,17.1,28.8,110,8,0,10,2
11/7/2024,15:43:27,18.3,28.8,110,7.9,0,10,2
11/7/2024,16:13:27,17,28.7,110,8,0,10,2
11/7/2024,16:43:27,17.7,28.8,110,8,0,10,2
11/7/2024,17:13:27,16.7,28.8,110,7.9,0,10,2
11/7/2024,17:43:27,16.2,28.7,110,8,0,10,2
11/7/2024,18:13:27,17.1,28.6,110,8,0,10,2
11/7/2024,18:43:27,16.2,28.5,110,8,0,10,2
11/7/2024,19:13:27,18.7,28.4,110,8,0,10,2
11/7/2024,19:43:27,15.8,28.3,110,8,0,10,2
11/7/2024,20:13:27,16.2,28.2,110,8,0,10,2
11/7/2024,20:43:27,16.2,28.3,110,8,0,10,2
11/7/2024,21:13:27,18.7,28.2,110,8.1,0,10,2
11/7/2024,21:43:27,16.2,28.2,110,8.1,0,10,2
11/7/2024,22:13:27,18.1,28.2,110,8,0,10,2
11/7/2024,22:43:27,15.8,28.2,110,8.1,0,10,2
11/7/2024,23:13:27,17.1,28.2,110,8.1,0,10,2
11/7/2024,23:43:27,17.1,28.1,110,8.1,0,10,2
12/7/2024,0:13:27,16.2,28.1,110,8.1,0,10,2
12/7/2024,0:43:27,16.6,28.1,110,8,0,10,2
12/7/2024,1:13:27,16.6,28.1,110,8.1,0,10,2
12/7/2024,1:43:27,16.4,28,110,8,0,10,2
12/7/2024,2:13:27,15.8,27.8,109,8.1,0,9,1
12/7/2024,2:43:27,25.2,26.7,112,7.4,0,11,3
12/7/2024,3:13:27,22.3,26.7,112,7.1,0,11,3
12/7/2024,3:43:27,23.4,26.6,112,7,0,11,3
12/7/2024,4:13:27,22.1,26.7,112,7,0,11,3
12/7/2024,4:43:27,23.3,26.7,112,7,0,11,3
12/7/2024,5:13:27,23.3,26.7,112,7.1,0,11,3
12/7/2024,5:43:27,20.3,26.7,112,7.2,0,11,3
12/7/2024,6:13:27,20.6,26.7,112,7.2,0,11,3
12/7/2024,6:43:27,21.1,26.7,112,7.3,0,11,3
12/7/2024,7:13:27,21.2,26.6,112,7.4,0,11,3
12/7/2024,7:43:27,21.1,26.5,112,7.5,0,11,3
12/7/2024,8:13:27,19.5,26.5,111,7.5,0,10,2
12/7/2024,8:43:27,21.3,26.5,111,7.6,0,10,2
12/7/2024,9:13:27,20.3,26.5,111,7.6,0,10,2
12/7/2024,9:43:27,21.1,26.6,111,7.6,0,10,2
12/7/2024,10:13:27,20.3,26.6,111,7.7,0,10,2
12/7/2024,10:43:27,19,26.7,111,7.7,0,10,2
12/7/2024,11:13:27,19.5,26.9,111,7.7,0,10,2
12/7/2024,11:43:27,19.5,27.2,111,7.7,0,10,2
12/7/2024,12:13:27,19.6,27.4,111,7.8,0,10,2
12/7/2024,12:43:27,20.2,27.6,111,7.8,0,10,2
12/7/2024,13:13:27,18.9,28.3,111,7.8,0,10,2
12/7/2024,13:43:27,18.8,28.6,111,7.9,0,10,2
12/7/2024,14:13:27,19.4,28.8,111,7.9,0,10,2
12/7/2024,14:43:27,18.5,28.8,111,7.8,0,10,2
12/7/2024,15:13:27,18.3,28.7,111,7.9,0,10,2
12/7/2024,15:43:27,18.9,28.7,111,7.8,0,10,2
12/7/2024,16:13:27,18.6,28.6,111,7.9,0,10,2
12/7/2024,16:43:27,18.4,28.6,111,7.9,0,10,2
12/7/2024,17:13:27,17.8,28.5,111,7.9,0,10,2
12/7/2024,17:43:27,17.8,28.5,111,7.9,0,10,2
12/7/2024,18:13:27,18,28.5,111,7.9,0,10,2
12/7/2024,18:43:27,18.7,28.3,111,7.8,0,10,2
12/7/2024,19:13:27,17.8,28.3,111,7.9,0,10,2
12/7/2024,19:43:27,20.3,28.3,114,7.1,0,12,4
12/7/2024,20:13:27,20.3,28.3,113,7.1,0,11,3
12/7/2024,20:43:27,21.9,28.3,113,7.1,0,11,3
12/7/2024,21:13:27,21.9,28.3,113,7.2,0,11,3
12/7/2024,21:43:27,19.4,28.2,113,7.3,0,11,3
12/7/2024,22:13:27,21.7,28.2,112,7.4,0,11,3
12/7/2024,22:43:27,21.9,28.1,112,7.5,0,11,3
12/7/2024,23:13:27,20.3,28.1,112,7.6,0,11,3
12/7/2024,23:43:27,20.7,28.1,112,7.6,0,11,3
13/7/2024,0:13:27,18.3,28,112,7.7,0,11,3
13/7/2024,0:43:27,19.5,28,112,7.7,0,11,3
13/7/2024,1:13:27,19.4,28,112,7.7,0,11,3
13/7/2024,1:43:27,19.5,27.9,112,7.6,0,11,3
13/7/2024,2:13:27,18.9,27.9,112,7.7,0,11,3
13/7/2024,2:43:27,20.9,27.9,112,7.7,0,11,3
13/7/2024,3:13:27,20.3,27.8,111,7.7,0,10,2
13/7/2024,3:43:27,20.3,27.7,111,7.7,0,10,2
13/7/2024,4:13:27,19.5,27.7,111,7.7,0,10,2
13/7/2024,4:43:27,18.8,27.7,111,7.7,0,10,2
13/7/2024,5:13:27,18.8,27.6,111,7.7,0,10,2
13/7/2024,5:43:27,20.5,27.6,111,7.7,0,10,2
13/7/2024,6:13:27,19.1,27.6,111,7.7,0,10,2
13/7/2024,6:43:27,20.3,27.6,111,7.8,0,10,2
13/7/2024,7:13:27,19.6,27.5,111,7.7,0,10,2
13/7/2024,7:43:27,19,27.5,111,7.8,0,10,2
13/7/2024,8:13:27,19.6,27.4,111,7.8,0,10,2
13/7/2024,8:43:27,19.7,27.5,111,7.8,0,10,2
13/7/2024,9:13:27,19.1,27.5,111,7.8,0,10,2
13/7/2024,9:43:27,18,27.6,111,7.8,0,10,2
13/7/2024,10:13:27,17.8,27.6,111,7.8,0,10,2
13/7/2024,10:43:27,18.4,27.6,111,7.9,0,10,2
13/7/2024,11:13:27,17.8,27.8,111,7.9,0,10,2
13/7/2024,11:43:27,17.4,27.9,111,7.9,0,10,2
13/7/2024,12:13:27,17.4,28,111,7.9,0,10,2
13/7/2024,12:43:27,18.3,28,111,7.9,0,10,2
13/7/2024,13:13:27,17,28.5,111,7.9,0,10,2
13/7/2024,13:43:27,17,29,111,7.9,0,10,2
13/7/2024,14:13:27,17,29.5,111,8,0,10,2
13/7/2024,14:43:27,17.9,29.4,111,7.9,0,10,2
13/7/2024,15:13:27,18.3,29.2,111,7.9,0,10,2
13/7/2024,15:43:27,17,29,111,8,0,10,2
13/7/2024,16:13:27,18,28.9,111,8,0,10,2
13/7/2024,16:43:27,19.3,28.8,110,8,0,10,2
13/7/2024,17:13:27,18.9,28.7,110,8,0,10,2
13/7/2024,17:43:27,17.8,28.7,110,8,0,10,2
13/7/2024,18:13:27,20.3,28.7,117,5.3,0,13,5
13/7/2024,18:43:27,19.3,28.7,116,5.4,0,13,5
13/7/2024,19:13:27,18.3,28.7,116,5.5,0,13,5
13/7/2024,19:43:27,17.7,28.6,115,5.7,0,12,4
13/7/2024,20:13:27,17.4,28.6,115,6,0,12,4
13/7/2024,20:43:27,18.6,28.6,115,6.4,0,12,4
13/7/2024,21:13:27,16.6,28.6,114,6.7,0,12,4
13/7/2024,21:43:27,18,28.6,114,7,0,12,4
13/7/2024,22:13:27,16.6,28.5,114,7.1,0,12,4
13/7/2024,22:43:27,19.5,28.5,114,7.2,0,12,4
13/7/2024,23:13:27,17.2,28.5,113,7.2,0,11,3
13/7/2024,23:43:27,18.3,28.5,113,7.3,0,11,3
14/7/2024,0:13:27,16.2,28.4,113,7.4,0,11,3
14/7/2024,0:43:27,17.2,28.4,113,7.4,0,11,3
14/7/2024,1:13:27,18.7,28.4,113,7.4,0,11,3
14/7/2024,1:43:27,19.5,28.2,113,7.5,0,11,3
14/7/2024,2:13:27,19.5,28.3,113,7.5,0,11,3
14/7/2024,2:43:27,16.2,28.2,112,7.5,0,11,3
14/7/2024,3:13:27,18.3,28.1,112,7.5,0,11,3
14/7/2024,3:43:27,17.7,28.1,112,7.5,0,11,3
14/7/2024,4:13:27,18.1,28.1,112,7.5,0,11,3
14/7/2024,4:43:27,16.6,28,112,7.5,0,11,3
14/7/2024,5:13:27,18.7,28,112,7.5,0,11,3
14/7/2024,5:43:27,18.3,28,112,7.5,0,11,3
14/7/2024,6:13:27,17.5,27.9,112,7.5,0,11,3
14/7/2024,6:43:27,18.1,27.8,112,7.4,0,11,3
14/7/2024,7:13:27,18.5,27.7,112,7.4,0,11,3
14/7/2024,7:43:27,17.3,27.6,112,7.4,0,11,3
14/7/2024,8:13:27,16.4,27.7,112,7.4,0,11,3
14/7/2024,8:43:27,17.8,27.7,111,7.4,0,10,2
14/7/2024,9:13:27,17.7,27.8,111,7.3,0,10,2
14/7/2024,9:43:27,17.7,27.8,111,7.4,0,10,2
14/7/2024,10:13:27,17.8,27.9,111,7.3,0,10,2
14/7/2024,10:43:27,17.1,27.9,111,7.3,0,10,2
14/7/2024,11:13:27,17.2,28,111,7.3,0,10,2
14/7/2024,11:43:27,16.2,28.1,111,7.3,0,10,2
14/7/2024,12:13:27,17.7,28.1,111,7.2,0,10,2
14/7/2024,12:43:27,17.4,28.2,111,7.2,0,10,2
14/7/2024,13:13:27,16.7,28.4,111,7.2,0,10,2
14/7/2024,13:43:27,17.2,28.7,111,7.2,0,10,2
14/7/2024,14:13:27,16.9,28.6,111,7.2,0,10,2
14/7/2024,14:43:27,17.2,28.6,111,7.2,0,10,2
14/7/2024,15:13:27,15.8,28.5,111,7.2,0,10,2
14/7/2024,15:43:27,16.9,28.5,111,7.1,0,10,2
14/7/2024,16:13:27,17.1,28.6,111,7.2,0,10,2
14/7/2024,16:43:27,16.7,28.7,111,7.2,0,10,2
14/7/2024,17:13:27,15.8,28.6,111,7.1,0,10,2
14/7/2024,17:43:27,15.8,28.7,111,7.2,0,10,2
14/7/2024,18:13:27,15.8,28.7,111,7.2,0,10,2
14/7/2024,18:43:27,16.2,28.6,110,7.2,0,10,2
14/7/2024,19:13:27,16.7,28.5,110,7.2,0,10,2
14/7/2024,19:43:27,18.4,28.6,110,7.2,0,10,2
14/7/2024,20:13:27,16.3,28.4,110,7.3,0,10,2
14/7/2024,20:43:27,18.2,28.5,110,7.3,0,10,2
14/7/2024,21:13:27,17.3,28.4,110,7.4,0,10,2
14/7/2024,21:43:27,16.9,28.4,110,7.3,0,10,2
14/7/2024,22:13:27,15.6,28.4,110,7.4,0,10,2
14/7/2024,22:43:27,17.8,28.4,110,7.4,0,10,2
14/7/2024,23:13:27,15.8,28.3,110,7.4,0,10,2
14/7/2024,23:43:27,16.7,28.3,110,7.4,0,10,2
15/7/2024,0:13:27,18.1,28.3,110,7.4,0,10,2
15/7/2024,0:43:27,18.1,28.2,110,7.4,0,10,2
15/7/2024,1:13:27,15.8,28.2,110,7.5,0,10,2
15/7/2024,1:43:27,15.4,28.1,110,7.5,0,10,2
15/7/2024,2:13:27,16.4,28.1,110,7.5,0,10,2
15/7/2024,2:43:27,16.4,28.1,110,7.4,0,10,2
15/7/2024,3:13:27,17.1,28.1,111,7.5,0,10,2
15/7/2024,3:43:27,16.8,28,111,7.5,0,10,2
15/7/2024,4:13:27,16.7,27.9,111,7.4,0,10,2
15/7/2024,4:43:27,16.4,27.9,111,7.4,0,10,2
15/7/2024,5:13:27,16.4,27.8,111,7.3,0,10,2
15/7/2024,5:43:27,16.4,27.8,112,7.3,0,11,3
15/7/2024,6:13:27,16.1,27.8,113,7.1,0,11,3
15/7/2024,6:43:27,17.7,27.7,114,6.9,0,12,4
15/7/2024,7:13:27,16.9,27.7,117,6.8,0,13,5
15/7/2024,7:43:27,16.2,27.6,119,6.7,0,14,6
15/7/2024,8:13:27,15.4,27.6,121,6.6,0,15,7
15/7/2024,8:43:27,16.4,27.7,123,6.9,0,16,8
15/7/2024,9:13:27,15.6,27.8,125,6.8,0,17,9
15/7/2024,9:43:27,16.1,27.8,127,7,0,18,10
15/7/2024,10:13:27,16.2,27.9,129,7,0,19,11
15/7/2024,10:43:27,15,28,131,7,0,20,12
15/7/2024,11:13:27,15.9,28.1,132,7.1,0,20,12
15/7/2024,11:43:27,14.8,28.2,134,7.1,0,21,13
15/7/2024,12:13:27,15.4,28.4,136,7,0,22,14
15/7/2024,12:43:27,16.2,28.5,138,7.1,0,23,15
15/7/2024,13:13:27,15,29.3,141,7.1,0,25,17
15/7/2024,13:43:27,16.2,30,145,7.2,0,27,19
15/7/2024,14:13:27,14.9,30.6,147,7.1,0,28,20
15/7/2024,14:43:27,13.8,30.5,147,7.3,0,28,20
15/7/2024,15:13:27,14.2,30.2,147,7.2,0,28,20
15/7/2024,15:43:27,16.4,30,148,7.3,0,28,20
15/7/2024,16:13:27,13.8,29.9,148,7.3,0,28,20
15/7/2024,16:43:27,13.8,29.8,148,7.2,0,28,20
15/7/2024,17:13:27,14.6,29.7,148,7.3,0,28,20
15/7/2024,17:43:27,15.4,29.5,135,7.3,0,22,14
15/7/2024,18:13:27,16.4,29.3,237,6.9,11,71,64
15/7/2024,18:43:27,14.2,29.2,222,6.8,7,64,56
15/7/2024,19:13:27,15.7,29.1,216,6.7,6,61,53
15/7/2024,19:43:27,14.5,29,212,6.9,5,59,51
15/7/2024,20:13:27,14.9,28.9,209,7,5,58,50
15/7/2024,20:43:27,14.7,28.9,206,7.1,4,56,48
15/7/2024,21:13:27,14.8,28.9,204,7.1,4,55,47
15/7/2024,21:43:27,14.6,28.8,203,7.2,3,55,47
15/7/2024,22:13:27,15.9,28.7,201,7.2,3,54,46
15/7/2024,22:43:27,14,28.7,200,7.3,3,53,46
15/7/2024,23:13:27,14.2,28.7,198,7.3,2,52,45
15/7/2024,23:43:27,13.7,28.6,197,7.4,2,52,44
16/7/2024,0:13:27,14.7,28.6,195,7.4,2,51,43
16/7/2024,0:43:27,14.9,28.5,194,7.6,2,50,43
16/7/2024,1:13:27,14.4,28.5,193,7.7,1,50,42
16/7/2024,1:43:27,14.5,28.4,192,7.7,1,49,42
16/7/2024,2:13:27,13.9,28.4,191,7.5,1,49,41
16/7/2024,2:43:27,15.2,28.3,190,7.6,1,48,41
16/7/2024,3:13:27,14,28.3,189,7.6,1,48,40
16/7/2024,3:43:27,15.3,28.2,189,7.5,1,48,40
16/7/2024,4:13:27,14,28.2,188,7.6,0,47,40
16/7/2024,4:43:27,15.4,28.2,187,7.7,0,47,39
16/7/2024,5:13:27,13.9,28.1,187,7.7,0,47,39
16/7/2024,5:43:27,13.7,28,186,7.7,0,46,39
16/7/2024,6:13:27,13.9,28,186,7.7,0,46,39
16/7/2024,6:43:27,13.9,28,186,7.7,0,46,39
16/7/2024,7:13:27,13.9,28,185,7.7,0,46,38
16/7/2024,7:43:27,14.7,28,185,7.7,0,46,38
16/7/2024,8:13:27,13.9,27.9,184,7.7,0,45,38
16/7/2024,8:43:27,15.2,27.9,184,7.7,0,45,38
16/7/2024,9:13:27,14.2,27.9,184,7.6,0,45,38
16/7/2024,9:43:27,14.9,28,183,7.7,0,45,37
16/7/2024,10:13:27,13.1,28.1,183,7.7,0,45,37
16/7/2024,10:43:27,14.9,28.2,183,7.7,0,45,37
16/7/2024,11:13:27,12.6,28.3,182,7.6,0,45,37
16/7/2024,11:43:27,15.9,28.4,181,7.6,0,44,36
16/7/2024,12:13:27,13.8,28.5,181,7.7,0,44,36
16/7/2024,12:43:27,13.7,28.5,180,7.7,0,44,36
16/7/2024,13:13:27,15.1,28.7,180,7.7,0,44,36
16/7/2024,13:43:27,12.2,29.3,180,7.7,0,44,36
16/7/2024,14:13:27,14.6,29.5,180,7.7,0,44,36
16/7/2024,14:43:27,11.8,29.6,179,7.6,0,43,35
16/7/2024,15:13:27,14.9,29.5,178,7.6,0,43,35
16/7/2024,15:43:27,11.7,29.5,177,7.6,0,42,34
16/7/2024,16:13:27,12.6,29.5,176,7.6,0,42,34
16/7/2024,16:43:27,12.9,29.4,175,7.7,0,41,33
16/7/2024,17:13:27,11.7,29.4,174,7.6,0,41,33
16/7/2024,17:43:27,13.4,29.4,174,7.7,0,41,33
16/7/2024,18:13:27,14.6,29.3,173,7.7,0,40,32
16/7/2024,18:43:27,13.2,29.2,172,7.6,0,40,32
16/7/2024,19:13:27,13.4,29.1,172,7.6,0,40,32
16/7/2024,19:43:27,12.2,29,171,7.6,0,39,31
16/7/2024,20:13:27,11.4,29,171,7.6,0,39,31
16/7/2024,20:43:27,13.1,28.9,170,7.7,0,39,31
16/7/2024,21:13:27,12.2,28.9,170,7.6,0,39,31
16/7/2024,21:43:27,12.8,28.8,170,7.6,0,39,31
16/7/2024,22:13:27,14.1,28.8,170,7.6,0,39,31
16/7/2024,22:43:27,12.7,28.7,169,7.6,0,38,30
16/7/2024,23:13:27,11.4,28.7,169,7.6,0,38,30
16/7/2024,23:43:27,11.8,28.7,169,7.6,0,38,30
17/7/2024,0:13:27,12.2,28.6,169,7.6,0,38,30
17/7/2024,0:43:27,12.2,28.5,169,7.7,0,38,30
17/7/2024,1:13:27,12.2,28.5,168,7.6,0,38,30
17/7/2024,1:43:27,12.2,28.4,168,7.7,0,38,30
17/7/2024,2:13:27,13,28.4,168,7.6,0,38,30
17/7/2024,2:43:27,12.5,28.4,168,7.6,0,38,30
17/7/2024,3:13:27,11.7,28.3,168,7.6,0,38,30
17/7/2024,3:43:27,13.7,28.3,168,7.7,0,38,30
17/7/2024,4:13:27,11.4,28.2,167,7.6,0,37,29
17/7/2024,4:43:27,13.2,28.1,167,7.6,0,37,29
17/7/2024,5:13:27,11.8,28.1,167,7.5,0,37,29
17/7/2024,5:43:27,12.4,28.1,167,7.6,0,37,29
17/7/2024,6:13:27,11.7,28,167,7.6,0,37,29
17/7/2024,6:43:27,12.9,27.9,166,7.6,0,37,29
17/7/2024,7:13:27,11.4,27.9,166,7.6,0,37,29
17/7/2024,7:43:27,11.7,27.9,166,7.6,0,37,29
17/7/2024,8:13:27,11.7,27.9,166,7.7,0,37,29
17/7/2024,8:43:27,11.7,28,166,7.7,0,37,29
17/7/2024,9:13:27,12.9,28.1,166,7.6,0,37,29
17/7/2024,9:43:27,11.4,28.1,166,7.7,0,37,29
17/7/2024,10:13:27,12.5,28.2,166,7.7,0,37,29
17/7/2024,10:43:27,12.2,28.3,166,7.7,0,37,29
17/7/2024,11:13:27,11.4,28.3,166,7.8,0,37,29
17/7/2024,11:43:27,11.4,28.4,166,7.8,0,37,29
17/7/2024,12:13:27,11,28.5,166,7.8,0,37,29
17/7/2024,12:43:27,13.9,28.7,166,7.8,0,37,29
17/7/2024,13:13:27,12.1,29,166,7.8,0,37,29
17/7/2024,13:43:27,12.2,28.9,165,7.8,0,36,29
17/7/2024,14:13:27,12.2,29.2,165,7.7,0,36,29
17/7/2024,14:43:27,12,29.4,165,7.7,0,36,29
17/7/2024,15:13:27,11,29.5,165,7.7,0,36,29
17/7/2024,15:43:27,11,29.6,164,7.8,0,36,28
17/7/2024,16:13:27,12.5,29.5,164,7.8,0,36,28
17/7/2024,16:43:27,11.9,29.5,163,7.8,0,35,28
17/7/2024,17:13:27,12.5,29.4,162,7.8,0,35,27
17/7/2024,17:43:27,13.2,29.4,162,7.8,0,35,27
17/7/2024,18:13:27,12.5,29.3,162,7.8,0,35,27
17/7/2024,18:43:27,13.2,29.2,161,7.9,0,34,27
17/7/2024,19:13:27,13.4,29.1,161,7.8,0,34,27
17/7/2024,19:43:27,11.7,29,161,7.8,0,34,27
17/7/2024,20:13:27,11.4,29,160,7.8,0,34,26
17/7/2024,20:43:27,11.7,28.9,160,7.8,0,34,26
17/7/2024,21:13:27,11,28.9,160,7.7,0,34,26
17/7/2024,21:43:27,11,28.8,160,7.9,0,34,26
17/7/2024,22:13:27,11.9,28.8,159,7.7,0,33,26
17/7/2024,22:43:27,11,28.7,159,7.7,0,33,26
17/7/2024,23:13:27,11,28.7,159,7.6,0,33,26
17/7/2024,23:43:27,11,28.7,159,7.8,0,33,26
18/7/2024,0:13:27,11.2,28.6,159,7.8,0,33,26
18/7/2024,0:43:27,11.2,28.6,159,7.9,0,33,26
18/7/2024,1:13:27,11,28.6,159,7.8,0,33,26
18/7/2024,1:43:27,11.6,28.5,158,7.8,0,33,25
18/7/2024,2:13:27,11.5,28.4,158,7.8,0,33,25
18/7/2024,2:43:27,11.5,28.4,158,7.9,0,33,25
18/7/2024,3:13:27,13.1,28.3,158,7.7,0,33,25
18/7/2024,3:43:27,12.6,28.3,158,7.7,0,33,25
18/7/2024,4:13:27,12,28.3,158,7.8,0,33,25
18/7/2024,4:43:27,11.8,28.3,158,7.8,0,33,25
18/7/2024,5:13:27,12.5,28.2,158,7.8,0,33,25
18/7/2024,5:43:27,11.5,28.2,158,7.7,0,33,25
18/7/2024,6:13:27,10.6,28.2,158,7.7,0,33,25
18/7/2024,6:43:27,13,28.1,252,7.4,14,78,71
18/7/2024,7:13:27,12.2,27.9,250,7.4,13,77,70
18/7/2024,7:43:27,11.4,27.9,244,7.5,12,74,67
18/7/2024,8:13:27,11.4,27.9,242,7.5,12,73,66
18/7/2024,8:43:27,11.4,28,240,7.4,11,72,65
18/7/2024,9:13:27,11.4,28.1,239,7.5,11,72,64
18/7/2024,9:43:27,12.2,28.1,237,7.6,11,71,64
18/7/2024,10:13:27,13.8,28.2,236,7.7,10,71,63
18/7/2024,10:43:27,11.4,28.2,234,7.5,10,70,62
18/7/2024,11:13:27,11,28.3,233,7.6,10,69,62
18/7/2024,11:43:27,13.1,28.3,232,7.6,9,69,61
18/7/2024,12:13:27,11,28.4,229,7.7,9,67,60
18/7/2024,12:43:27,13.1,28.6,229,7.7,9,67,60
18/7/2024,13:13:27,11,29.5,229,7.7,9,67,60
18/7/2024,13:43:27,11,30.3,230,7.7,9,68,60
18/7/2024,14:13:27,11.6,31,229,7.8,9,67,60
18/7/2024,14:43:27,10.5,31.1,225,7.7,8,65,58
18/7/2024,15:13:27,10.7,30.8,221,7.7,7,63,56
18/7/2024,15:43:27,11.2,30.5,219,7.7,7,62,55
18/7/2024,16:13:27,12.5,30.4,217,7.7,6,61,54
18/7/2024,16:43:27,12.5,30.1,214,7.8,6,60,52
18/7/2024,17:13:27,11.2,30,213,7.7,6,59,52
18/7/2024,17:43:27,9.8,30,211,7.8,5,59,51
18/7/2024,18:13:27,9.8,29.9,210,7.8,5,58,50
18/7/2024,18:43:27,9.8,29.8,208,7.8,4,57,49
18/7/2024,19:13:27,11,29.6,206,7.8,4,56,48
18/7/2024,19:43:27,10.9,29.5,205,7.8,4,56,48
18/7/2024,20:13:27,10.6,29.4,204,7.8,4,55,47
18/7/2024,20:43:27,10.7,29.4,204,7.7,4,55,47
18/7/2024,21:13:27,12.5,29.3,203,7.8,3,55,47
18/7/2024,21:43:27,9.8,29.3,202,7.8,3,54,46
18/7/2024,22:13:27,11.5,29.2,202,7.7,3,54,46
18/7/2024,22:43:27,11.2,29.2,201,7.8,3,54,46
18/7/2024,23:13:27,12,29.1,201,7.8,3,54,46
18/7/2024,23:43:27,9.8,29.1,200,7.8,3,53,46
19/7/2024,0:13:27,10.5,29,200,7.8,3,53,46
19/7/2024,0:43:27,10.9,28.9,199,7.8,3,53,45
19/7/2024,1:13:27,9.8,28.9,199,7.8,3,53,45
19/7/2024,1:43:27,11.2,28.9,198,7.8,2,52,45
19/7/2024,2:13:27,12.5,28.8,198,7.8,2,52,45
19/7/2024,2:43:27,10.2,28.8,198,7.8,2,52,45
19/7/2024,3:13:27,11.2,28.7,197,7.8,2,52,44
19/7/2024,3:43:27,11.5,28.7,197,7.8,2,52,44
19/7/2024,4:13:27,10.7,28.6,196,7.8,2,51,44
19/7/2024,4:43:27,11.2,28.5,196,7.9,2,51,44
19/7/2024,5:13:27,9.8,28.5,196,7.9,2,51,44
19/7/2024,5:43:27,10.9,28.5,196,7.9,2,51,44
19/7/2024,6:13:27,10,28.5,195,7.9,2,51,43
19/7/2024,6:43:27,11,28.4,195,7.9,2,51,43
19/7/2024,7:13:27,9.8,28.4,195,7.9,2,51,43
19/7/2024,7:43:27,9.8,28.4,195,8,2,51,43
19/7/2024,8:13:27,12,28.4,195,8,2,51,43
19/7/2024,8:43:27,10.9,28.5,195,8,2,51,43
19/7/2024,9:13:27,21.3,27.2,304,7.7,25,103,96
19/7/2024,9:43:27,15.4,27.1,284,7.5,20,94,86
19/7/2024,10:13:27,17.1,26.9,306,7.5,25,104,97
19/7/2024,10:43:27,14.2,27.1,303,7.5,24,103,96
19/7/2024,11:13:27,14.6,27.2,298,7.4,23,100,93
19/7/2024,11:43:27,13.8,27.2,297,7.4,23,100,93
19/7/2024,12:13:27,13,27.4,297,7.4,23,100,93
19/7/2024,12:43:27,13,27.6,296,7.5,23,99,92
19/7/2024,13:13:27,14.9,27.8,296,7.5,23,99,92
19/7/2024,13:43:27,15.1,28.1,295,7.5,23,99,92
19/7/2024,14:13:27,13.2,28.2,293,7.6,22,98,91
19/7/2024,14:43:27,12.6,28.3,291,7.6,22,97,90
19/7/2024,15:13:27,12.2,28.3,289,7.6,21,96,89
19/7/2024,15:43:27,15.4,28.3,287,7.6,21,95,88
19/7/2024,16:13:27,13.9,28.3,285,7.6,21,94,87
19/7/2024,16:43:27,13.1,28.4,283,7.6,20,93,86
19/7/2024,17:13:27,13.8,28.4,282,7.5,20,93,85
19/7/2024,17:43:27,12.2,28.4,280,7.5,20,92,84
19/7/2024,18:13:27,13.9,28.4,279,7.5,19,91,84
19/7/2024,18:43:27,13.2,28.4,277,7.7,19,90,83
19/7/2024,19:13:27,13.8,28.5,276,7.7,19,90,82
19/7/2024,19:43:27,11.4,28.4,275,7.7,18,89,82
19/7/2024,20:13:27,13.4,28.3,274,7.6,18,89,82
19/7/2024,20:43:27,12.2,28.3,273,7.7,18,88,81
19/7/2024,21:13:27,11.7,28.3,272,7.6,18,88,81
19/7/2024,21:43:27,11.4,28.2,271,7.6,18,87,80
19/7/2024,22:13:27,13.8,28.2,270,7.6,17,87,80
19/7/2024,22:43:27,12.5,28.2,270,7.7,17,87,80
19/7/2024,23:13:27,11.7,28.1,269,7.7,17,86,79
19/7/2024,23:43:27,11.5,28.1,269,7.7,17,86,79
20/7/2024,16:05:01,9.8,30.2,252,7.7,14,78,71
20/7/2024,16:35:01,9.8,30,250,7.7,13,77,70
20/7/2024,17:05:01,9.8,29.9,249,7.7,13,77,69
20/7/2024,17:35:01,9.9,29.7,247,7.7,13,76,68
20/7/2024,18:05:01,12.9,29.7,246,7.7,12,75,68
20/7/2024,18:35:01,9.7,29.6,244,7.7,12,74,67
20/7/2024,19:05:01,9.8,29.5,243,7.7,12,74,66
20/7/2024,19:35:01,10.6,29.3,243,7.7,12,74,66
20/7/2024,20:05:01,10.4,29.2,242,7.7,12,73,66
20/7/2024,20:35:01,9.8,29.2,241,7.8,11,73,65
20/7/2024,21:05:01,11.2,29.1,241,7.8,11,73,65
20/7/2024,21:35:01,10.9,29.1,241,7.7,11,73,65
20/7/2024,22:05:01,9.7,29.1,240,7.7,11,72,65
20/7/2024,22:35:01,10.5,29,240,7.7,11,72,65
20/7/2024,23:05:01,11.2,29,240,7.7,11,72,65
20/7/2024,23:35:01,13.4,28.9,240,7.7,11,72,65
21/7/2024,0:05:01,12.6,28.9,239,7.8,11,72,64
21/7/2024,0:35:01,10.5,28.8,239,7.8,11,72,64
21/7/2024,1:05:01,9.7,28.8,239,7.8,11,72,64
21/7/2024,1:35:01,12,28.7,238,7.8,11,72,64
21/7/2024,2:05:01,10.7,28.7,238,7.8,11,72,64
21/7/2024,2:35:01,12.3,28.7,238,7.8,11,72,64
21/7/2024,3:05:01,12,28.6,238,7.9,11,72,64
21/7/2024,3:35:01,10.6,28.6,238,7.9,11,72,64
21/7/2024,4:05:01,9.9,28.5,238,7.9,11,72,64
21/7/2024,4:35:01,10.2,28.5,238,7.9,11,72,64
21/7/2024,5:05:01,11,28.4,238,7.9,11,72,64
21/7/2024,5:35:01,10.4,28.4,237,7.9,11,71,64
21/7/2024,6:05:01,11.5,28.4,237,7.9,11,71,64
21/7/2024,6:35:01,10.5,28.4,237,8,11,71,64
21/7/2024,7:05:01,10.7,28.3,236,8,10,71,63
21/7/2024,7:35:01,10.4,28.2,236,8,10,71,63
21/7/2024,8:05:01,9.7,28.2,236,8,10,71,63
21/7/2024,8:35:01,9.7,28.2,237,8,11,71,64
21/7/2024,9:05:01,10.6,28.3,237,8,11,71,64
21/7/2024,9:35:01,12.1,28.3,237,8,11,71,64
21/7/2024,10:05:01,10.9,28.4,237,8.1,11,71,64
21/7/2024,10:35:01,12,28.5,238,8.1,11,72,64
21/7/2024,11:05:01,12.2,28.5,237,8.1,11,71,64
21/7/2024,11:35:01,9.4,28.6,237,8.1,11,71,64
21/7/2024,12:05:01,10.6,28.7,238,8.1,11,72,64
21/7/2024,12:35:01,9,28.9,238,8.1,11,72,64
21/7/2024,13:05:01,9,29.1,238,8.2,11,72,64
21/7/2024,13:35:01,10.1,29.6,239,8.1,11,72,64
21/7/2024,14:05:01,10.6,29.7,238,8.2,11,72,64
21/7/2024,14:35:01,10,29.9,238,8.1,11,72,64
21/7/2024,15:05:01,10,30,238,8.1,11,72,64
21/7/2024,15:35:01,10.2,29.9,236,8.1,10,71,63
21/7/2024,16:05:01,10.6,29.9,235,8.1,10,70,63
21/7/2024,16:35:01,10,29.9,235,8.1,10,70,63
21/7/2024,17:05:01,10,29.8,233,8.1,10,69,62
21/7/2024,17:35:01,9.7,29.7,232,8.1,9,69,61
21/7/2024,18:05:01,8.9,29.6,231,8.1,9,68,61
21/7/2024,18:35:01,12,29.5,230,8.1,9,68,60
21/7/2024,19:05:01,10,29.3,229,8.1,9,67,60
21/7/2024,19:35:01,10.5,29.2,229,8.1,9,67,60
21/7/2024,20:05:01,8.9,29.2,228,8.1,9,67,59
21/7/2024,20:35:01,8.9,29.2,228,8.1,9,67,59
21/7/2024,21:05:01,8.9,29.1,228,8.1,9,67,59
21/7/2024,21:35:01,9,29.1,227,8.1,8,66,59
21/7/2024,22:05:01,9.7,29.1,227,8.1,8,66,59
21/7/2024,22:35:01,9.7,29,227,8,8,66,59
21/7/2024,23:05:01,9.7,29,226,8,8,66,58
21/7/2024,23:35:01,11,28.9,226,8,8,66,58
22/7/2024,0:05:01,10.6,28.9,226,8,8,66,58
22/7/2024,0:35:01,9,28.9,225,8,8,65,58
22/7/2024,1:05:01,8.9,28.8,225,8,8,65,58
22/7/2024,1:35:01,9.7,28.8,225,8,8,65,58
22/7/2024,2:05:01,8.2,28.7,225,8,8,65,58
22/7/2024,2:35:01,9.9,28.7,224,8,8,65,57
22/7/2024,3:05:01,8.9,28.6,224,8,8,65,57
22/7/2024,3:35:01,9.7,28.6,224,8,8,65,57
22/7/2024,4:05:01,9.7,28.5,223,8,8,64,57
22/7/2024,4:35:01,9.4,28.5,223,8,8,64,57
22/7/2024,5:05:01,9.4,28.4,223,8,8,64,57
22/7/2024,5:35:01,9.4,28.3,223,8,8,64,57
22/7/2024,6:05:01,11.9,28.3,222,8,7,64,56
22/7/2024,6:35:01,11.4,28.2,222,7.9,7,64,56
22/7/2024,7:05:01,9.8,28.2,221,7.9,7,63,56
22/7/2024,7:35:01,9.9,28.2,221,7.9,7,63,56
22/7/2024,8:05:01,9.7,28.2,221,7.9,7,63,56
22/7/2024,8:35:01,10.6,28.2,221,7.9,7,63,56
22/7/2024,9:05:01,9,28.3,222,7.9,7,64,56
22/7/2024,9:35:01,8.9,28.3,222,7.9,7,64,56
22/7/2024,10:05:01,9.9,28.5,222,7.9,7,64,56
22/7/2024,10:35:01,9,28.6,223,7.9,8,64,57
22/7/2024,11:05:01,10.4,28.7,222,7.9,7,64,56
22/7/2024,11:35:01,9,28.8,223,7.9,8,64,57
22/7/2024,12:05:01,11.9,28.9,222,7.9,7,64,56
22/7/2024,12:35:01,8.5,29,222,7.9,7,64,56
22/7/2024,13:05:01,9.2,29.2,222,7.9,7,64,56
22/7/2024,13:35:01,8.2,29.6,223,8,8,64,57
22/7/2024,14:05:01,8.9,29.7,222,8,7,64,56
22/7/2024,14:35:01,8.1,29.9,222,8,7,64,56
22/7/2024,15:05:01,9.9,30,221,8,7,63,56
22/7/2024,15:35:01,8.2,30,220,8,7,63,55
22/7/2024,16:05:01,9,29.9,218,8,7,62,54
22/7/2024,16:35:01,10.6,29.8,217,8,6,61,54
22/7/2024,17:05:01,9.4,29.8,216,8,6,61,53
22/7/2024,17:35:01,8.1,29.8,215,8,6,60,53
22/7/2024,18:05:01,9.8,29.8,214,8,6,60,52
22/7/2024,18:35:01,12.7,29.8,260,7.5,15,82,75
22/7/2024,19:05:01,11.4,29.6,245,7.4,12,75,67
22/7/2024,19:35:01,11,29.4,237,7.5,11,71,64
22/7/2024,20:05:01,11,29.4,232,7.5,9,69,61
22/7/2024,20:35:01,11.8,29.4,229,7.5,9,67,60
22/7/2024,21:05:01,10.7,29.4,226,7.5,8,66,58
22/7/2024,21:35:01,10.7,29.3,224,7.5,8,65,57
22/7/2024,22:05:01,11,29.3,222,7.6,7,64,56
22/7/2024,22:35:01,11,29.3,221,7.6,7,63,56
22/7/2024,23:05:01,9.8,29.2,219,7.6,7,62,55
22/7/2024,23:35:01,11.5,29.2,218,7.6,7,62,54
23/7/2024,0:05:01,9.8,29.1,217,7.6,6,61,54
23/7/2024,0:35:01,11.4,29.1,217,7.6,6,61,54
23/7/2024,1:05:01,12.2,29,216,7.6,6,61,53
23/7/2024,1:35:01,11,29,215,7.6,6,60,53
23/7/2024,2:05:01,10.6,28.9,215,7.5,6,60,53
23/7/2024,2:35:01,11,28.9,214,7.5,6,60,52
23/7/2024,3:05:01,11,28.9,213,7.5,6,59,52
23/7/2024,3:35:01,11.8,28.7,213,7.5,6,59,52
23/7/2024,4:05:01,11.5,28.7,212,7.4,5,59,51
23/7/2024,4:35:01,9.7,28.7,212,7.4,5,59,51
23/7/2024,5:05:01,12.2,28.6,211,7.4,5,59,51
23/7/2024,5:35:01,10.4,28.5,210,7.3,5,58,50
23/7/2024,6:05:01,9.7,28.4,210,7.3,5,58,50
23/7/2024,6:35:01,9.7,28.4,210,7.2,5,58,50
23/7/2024,7:05:01,12.5,28.4,209,7.2,5,58,50
23/7/2024,7:35:01,12.6,28.4,209,7.1,5,58,50
23/7/2024,8:05:01,10.5,28.4,209,7.1,5,58,50
23/7/2024,8:35:01,9.7,28.4,209,7.1,5,58,50
23/7/2024,9:05:01,10.4,28.5,209,7.1,5,58,50
23/7/2024,9:35:01,9.7,28.6,209,7,5,58,50
23/7/2024,10:05:01,10.2,28.6,208,7,4,57,49
23/7/2024,10:35:01,9,28.7,208,7,4,57,49
23/7/2024,11:05:01,9.9,28.9,208,7,4,57,49
23/7/2024,11:35:01,10.6,28.9,208,7,4,57,49
23/7/2024,12:05:01,9.4,29.1,208,7,4,57,49
23/7/2024,12:35:01,9,29.2,208,7,4,57,49
23/7/2024,13:05:01,11.4,29.4,208,7,4,57,49
23/7/2024,13:35:01,12.2,30.2,209,7,5,58,50
23/7/2024,14:05:01,9.9,30.8,210,7,5,58,50
23/7/2024,14:35:01,9.4,31.3,209,7,5,58,50
23/7/2024,15:05:01,8.5,30.9,206,7,4,56,48
23/7/2024,15:35:01,9.5,30.7,204,7,4,55,47
23/7/2024,16:05:01,10.2,30.5,202,7,3,54,46
23/7/2024,16:35:01,10.9,30.4,200,7,3,53,46
23/7/2024,17:05:01,10.6,30.2,198,7,2,52,45
23/7/2024,17:35:01,9,30.2,196,7,2,51,44
23/7/2024,18:05:01,9.2,30.1,195,7,2,51,43
23/7/2024,18:35:01,8.5,30.1,194,7,2,50,43
23/7/2024,19:05:01,10.8,30,193,7,1,50,42
23/7/2024,19:35:01,8.5,29.9,192,7,1,49,42
23/7/2024,20:05:01,8.2,29.8,191,6.9,1,49,41
23/7/2024,20:35:01,9.4,29.8,191,7,1,49,41
23/7/2024,21:05:01,10.9,29.7,190,7,1,48,41
23/7/2024,21:35:01,8.9,29.6,189,7,1,48,40
23/7/2024,22:05:01,8.1,29.6,189,7,1,48,40
23/7/2024,22:35:01,9,29.6,188,7,0,47,40
23/7/2024,23:05:01,9.9,29.4,187,7,0,47,39
23/7/2024,23:35:01,9,29.4,187,7.1,0,47,39
24/7/2024,0:05:01,9.4,29.4,187,7.1,0,47,39
24/7/2024,0:35:01,9.2,29.4,186,7.1,0,46,39
24/7/2024,1:05:01,8.1,29.3,186,7.1,0,46,39
24/7/2024,1:35:01,9.2,29.2,185,7.2,0,46,38
24/7/2024,2:05:01,7.7,29.1,185,7.2,0,46,38
24/7/2024,2:35:01,10.6,29,184,7.2,0,45,38
24/7/2024,3:05:01,9.7,29,184,7.2,0,45,38
24/7/2024,3:35:01,7.8,28.9,183,7.3,0,45,37
24/7/2024,4:05:01,10.5,28.9,182,7.3,0,45,37
24/7/2024,4:35:01,9,28.9,182,7.3,0,45,37
24/7/2024,5:05:01,7.7,28.8,182,7.4,0,45,37
24/7/2024,5:35:01,10.6,28.7,181,7.4,0,44,36
24/7/2024,6:05:01,14.8,28.8,242,6.1,12,73,66
24/7/2024,6:35:01,13.1,28.7,221,5.3,7,63,56
24/7/2024,7:05:01,14.4,28.6,213,5.3,6,59,52
24/7/2024,7:35:01,12.6,28.6,209,5.5,5,58,50
24/7/2024,8:05:01,12.9,28.5,205,5.8,4,56,48
24/7/2024,8:35:01,13.7,28.5,202,6,3,54,46
24/7/2024,9:05:01,11.4,28.6,200,6.1,3,53,46
24/7/2024,9:35:01,12.2,28.7,198,6.3,2,52,45
24/7/2024,10:05:01,11.7,28.7,197,6.3,2,52,44
24/7/2024,10:35:01,12.2,28.8,195,6.4,2,51,43
24/7/2024,11:05:01,11.8,28.8,194,6.4,2,50,43
24/7/2024,11:35:01,13.1,29,193,6.5,1,50,42
24/7/2024,12:05:01,12.5,29.1,191,6.5,1,49,41
24/7/2024,12:35:01,11,29.1,190,6.5,1,48,41
24/7/2024,13:05:01,12,29.7,190,6.6,1,48,41
24/7/2024,13:35:01,10.7,30.6,192,6.7,1,49,42
24/7/2024,14:05:01,10.7,31.3,191,6.7,1,49,41
24/7/2024,14:35:01,11.4,31.3,189,6.7,1,48,40
24/7/2024,15:05:01,9.8,31,187,6.7,0,47,39
24/7/2024,15:35:01,10.7,30.7,185,6.7,0,46,38
24/7/2024,16:05:01,12,30.5,184,6.7,0,45,38
24/7/2024,16:35:01,9.7,30.4,183,6.7,0,45,37
24/7/2024,17:05:01,9.8,30.3,181,6.7,0,44,36
24/7/2024,17:35:01,9.8,30.2,180,6.7,0,44,36
24/7/2024,18:05:01,10.9,30.2,180,6.7,0,44,36
24/7/2024,18:35:01,10.2,30.1,179,6.7,0,43,35
24/7/2024,19:05:01,9.8,30,178,6.7,0,43,35
24/7/2024,19:35:01,9.4,30,177,6.7,0,42,34
24/7/2024,20:05:01,9.9,30,177,6.6,0,42,34
24/7/2024,20:35:01,9.9,29.9,176,6.6,0,42,34
24/7/2024,21:05:01,9.4,29.8,175,6.6,0,41,33
24/7/2024,21:35:01,8.9,29.8,175,6.6,0,41,33
24/7/2024,22:05:01,9.9,29.8,174,6.6,0,41,33
24/7/2024,22:35:01,10,29.8,174,6.6,0,41,33
24/7/2024,23:05:01,8.9,29.7,173,6.7,0,40,32
24/7/2024,23:35:01,11,29.6,172,6.7,0,40,32
25/7/2024,0:05:01,8.5,29.7,172,6.8,0,40,32
25/7/2024,0:35:01,9.9,29.6,171,6.8,0,39,31
25/7/2024,1:05:01,9.5,29.5,171,6.9,0,39,31
25/7/2024,1:35:01,8.9,29.5,170,6.9,0,39,31
25/7/2024,2:05:01,10.8,29.4,170,7,0,39,31
25/7/2024,2:35:01,8.2,29.4,169,7,0,38,30
25/7/2024,3:05:01,8.9,29.3,169,7,0,38,30
25/7/2024,3:35:01,9.9,29.2,168,7,0,38,30
25/7/2024,4:05:01,9,29.1,168,7,0,38,30
25/7/2024,4:35:01,8.2,29.1,167,7,0,37,29
25/7/2024,5:05:01,8.2,29,167,7,0,37,29
25/7/2024,5:35:01,11.4,29,167,7,0,37,29
25/7/2024,6:05:01,10.4,28.9,166,7,0,37,29
25/7/2024,6:35:01,8.1,28.9,166,7,0,37,29
25/7/2024,7:05:01,9,28.9,165,7,0,36,29
25/7/2024,7:35:01,10.8,28.9,165,7,0,36,29
25/7/2024,8:05:01,8.2,28.9,165,7,0,36,29
25/7/2024,8:35:01,9,28.9,165,7,0,36,29
25/7/2024,9:05:01,9.2,28.9,165,7,0,36,29
25/7/2024,9:35:01,9.2,29,165,7,0,36,29
25/7/2024,10:05:01,9.4,29.1,164,7,0,36,28
25/7/2024,10:35:01,8.9,29.2,164,7.1,0,36,28
25/7/2024,11:05:01,8.2,29.3,164,7,0,36,28
25/7/2024,11:35:01,8.4,29.3,163,7,0,35,28
25/7/2024,12:05:01,8.4,29.5,162,7.1,0,35,27
25/7/2024,12:35:01,7.7,29.6,162,7.1,0,35,27
25/7/2024,13:05:01,7.7,30,162,7,0,35,27
25/7/2024,13:35:01,8.4,30.8,162,7.1,0,35,27
25/7/2024,14:05:01,10,31.8,162,7.2,0,35,27
25/7/2024,14:35:01,9.8,32.1,161,7.2,0,34,27
25/7/2024,15:05:01,8.6,31.7,159,7.2,0,33,26
25/7/2024,15:35:01,10.4,31.4,158,7.2,0,33,25
25/7/2024,16:05:01,9.6,31.1,156,7.2,0,32,24
25/7/2024,16:35:01,10.4,30.9,155,7.3,0,31,24
25/7/2024,17:05:01,8.2,30.8,154,7.3,0,31,23
25/7/2024,17:35:01,8.2,30.8,153,7.3,0,31,23
25/7/2024,18:05:01,7.5,30.7,152,7.3,0,30,22
25/7/2024,18:35:01,8.1,30.6,151,7.3,0,30,22
25/7/2024,19:05:01,7.6,30.5,151,7.3,0,30,22
25/7/2024,19:35:01,7.5,30.5,150,7.3,0,29,21
25/7/2024,20:05:01,8.4,30.4,150,7.3,0,29,21
25/7/2024,20:35:01,7.3,30.3,149,7.2,0,29,21
25/7/2024,21:05:01,6.5,30.2,149,7.2,0,29,21
25/7/2024,21:35:01,8.4,30.1,149,7.2,0,29,21
25/7/2024,22:05:01,6.5,30.1,148,7.2,0,28,20
25/7/2024,22:35:01,6.5,30,148,7.1,0,28,20
25/7/2024,23:05:01,8.1,30,147,7.1,0,28,20
25/7/2024,23:35:01,7.3,29.9,147,7,0,28,20
26/7/2024,0:05:01,6.5,29.8,147,7,0,28,20
26/7/2024,0:35:01,8.9,29.8,147,7,0,28,20
26/7/2024,1:05:01,7.4,29.7,146,7,0,27,19
26/7/2024,1:35:01,7.7,29.6,146,6.9,0,27,19
26/7/2024,2:05:01,7.5,29.6,145,6.9,0,27,19
26/7/2024,2:35:01,8.9,29.5,145,6.8,0,27,19
26/7/2024,3:05:01,7.6,29.4,145,6.7,0,27,19
26/7/2024,3:35:01,8.1,29.4,145,6.7,0,27,19
26/7/2024,4:05:01,9.7,29.3,144,6.6,0,26,18
26/7/2024,4:35:01,7.5,29.3,144,6.6,0,26,18
26/7/2024,5:05:01,7.6,29.2,144,6.5,0,26,18
26/7/2024,5:35:01,9,29.2,143,6.5,0,26,18
26/7/2024,6:05:01,7.7,29.1,143,6.4,0,26,18
26/7/2024,6:35:01,7.4,29.1,143,6.4,0,26,18
26/7/2024,7:05:01,7.5,29,143,6.3,0,26,18
26/7/2024,7:35:01,7.4,28.9,143,6.3,0,26,18
26/7/2024,8:05:01,7.5,29,143,6.2,0,26,18
26/7/2024,8:35:01,8.1,29,142,6.2,0,25,17
26/7/2024,9:05:01,7.4,29.1,142,6.2,0,25,17
26/7/2024,9:35:01,7.5,29.1,142,6.2,0,25,17
26/7/2024,10:05:01,8.2,29.2,142,6.1,0,25,17
26/7/2024,10:35:01,7.4,29.3,142,6.1,0,25,17
26/7/2024,11:05:01,8,29.4,142,6.1,0,25,17
26/7/2024,11:35:01,7.3,29.5,141,6,0,25,17
26/7/2024,12:05:01,6.5,29.6,141,6,0,25,17
26/7/2024,12:35:01,7.2,29.7,140,6.1,0,24,16
26/7/2024,13:05:01,8.9,30.2,140,6.1,0,24,16
26/7/2024,13:35:01,9,30.9,140,6.1,0,24,16
26/7/2024,14:05:01,7.4,30.9,139,6.2,0,24,16
26/7/2024,14:35:01,7.3,31,139,6.2,0,24,16
26/7/2024,15:05:01,7.6,30.9,138,6.2,0,23,15
26/7/2024,15:35:01,8.8,30.8,137,6.2,0,23,15
26/7/2024,16:05:01,6.5,30.8,137,6.2,0,23,15
26/7/2024,16:35:01,9.7,30.8,136,6.2,0,22,14
26/7/2024,17:05:01,6.8,30.7,136,6.2,0,22,14
26/7/2024,17:35:01,6.5,30.5,135,6.2,0,22,14
26/7/2024,18:05:01,8.8,30.5,135,6.1,0,22,14
26/7/2024,18:35:01,9.2,30.4,135,6.1,0,22,14
26/7/2024,19:05:01,7.6,30.2,134,6.1,0,21,13
26/7/2024,19:35:01,7.4,30.2,134,6.1,0,21,13
26/7/2024,20:05:01,6.5,30.1,134,6.1,0,21,13
26/7/2024,20:35:01,7.4,30,134,6.1,0,21,13
26/7/2024,21:05:01,6.8,30,133,6.1,0,21,13
26/7/2024,21:35:01,7.4,29.9,133,6,0,21,13
26/7/2024,22:05:01,7.5,29.9,133,6,0,21,13
26/7/2024,22:35:01,5.8,29.8,133,6,0,21,13
26/7/2024,23:05:01,6.4,29.8,133,6,0,21,13
26/7/2024,23:35:01,8.9,29.6,133,6,0,21,13
27/7/2024,0:05:01,6.8,29.6,133,5.9,0,21,13
27/7/2024,0:35:01,6.2,29.6,133,5.9,0,21,13
27/7/2024,1:05:01,6.8,29.5,133,5.9,0,21,13
27/7/2024,1:35:01,7.5,29.4,132,5.9,0,20,12
27/7/2024,2:05:01,5.8,29.4,132,5.9,0,20,12
27/7/2024,2:35:01,6.5,29.3,132,5.9,0,20,12
27/7/2024,3:05:01,6.8,29.2,132,5.8,0,20,12
27/7/2024,3:35:01,6.2,29.2,132,5.8,0,20,12
27/7/2024,4:05:01,6.5,29.1,132,5.8,0,20,12
27/7/2024,4:35:01,9,29.1,132,5.8,0,20,12
27/7/2024,5:05:01,5.8,29,132,5.7,0,20,12
27/7/2024,5:35:01,6.6,28.9,132,5.7,0,20,12
27/7/2024,6:05:01,7.6,28.9,131,5.6,0,20,12
27/7/2024,6:35:01,5.8,28.8,131,5.6,0,20,12
27/7/2024,7:05:01,6.2,28.8,131,5.6,0,20,12
27/7/2024,7:35:01,6.9,28.7,131,5.6,0,20,12
27/7/2024,8:05:01,6.5,28.8,131,5.6,0,20,12
27/7/2024,8:35:01,6.5,28.8,131,5.7,0,20,12
27/7/2024,9:05:01,7.4,28.8,131,5.7,0,20,12
27/7/2024,9:35:01,8.4,28.9,131,5.7,0,20,12
27/7/2024,10:05:01,7.3,28.9,131,5.8,0,20,12
27/7/2024,10:35:01,6.5,28.9,131,5.8,0,20,12
27/7/2024,11:05:01,5.8,29.1,131,5.9,0,20,12
27/7/2024,11:35:01,7.3,29.2,131,6,0,20,12
27/7/2024,12:05:01,5.8,29.4,131,6.1,0,20,12
27/7/2024,12:35:01,7.3,29.6,130,6.3,0,19,11
27/7/2024,13:05:01,7.5,30.2,131,6.5,0,20,12
27/7/2024,13:35:01,5.8,30.9,131,6.6,0,20,12
27/7/2024,14:05:01,9.7,31.6,130,6.7,0,19,11
27/7/2024,14:35:01,8.2,31.7,129,6.7,0,19,11
27/7/2024,15:05:01,8,31.6,129,6.7,0,19,11
27/7/2024,15:35:01,9,31.4,128,6.7,0,18,11
27/7/2024,16:05:01,6.8,31.2,128,6.7,0,18,11
27/7/2024,16:35:01,5.8,31,127,6.7,0,18,10
27/7/2024,17:05:01,6.5,31,127,6.7,0,18,10
27/7/2024,17:35:01,13.3,30.5,168,5.3,0,38,30
27/7/2024,18:05:01,11.4,30.3,160,5.1,0,34,26
27/7/2024,18:35:01,12.4,30.2,156,5.2,0,32,24
27/7/2024,19:05:01,11,30.1,154,5.4,0,31,23
27/7/2024,19:35:01,11.5,30,153,5.6,0,31,23
27/7/2024,20:05:01,9.8,30,152,5.8,0,30,22
27/7/2024,20:35:01,10.6,29.9,151,5.9,0,30,22
27/7/2024,21:05:01,9.4,29.9,150,6,0,29,21
27/7/2024,21:35:01,10.6,29.8,150,6.1,0,29,21
27/7/2024,22:05:01,9,29.8,149,6.2,0,29,21
27/7/2024,22:35:01,10.9,29.8,149,6.3,0,29,21
27/7/2024,23:05:01,11.6,29.8,148,6.4,0,28,20
27/7/2024,23:35:01,10.9,29.7,148,6.5,0,28,20
28/7/2024,0:05:01,9,29.7,147,6.6,0,28,20
28/7/2024,0:35:01,9.7,29.6,147,6.6,0,28,20
28/7/2024,1:05:01,10.9,29.6,146,6.7,0,27,19
28/7/2024,1:35:01,9.4,29.4,146,6.7,0,27,19
28/7/2024,2:05:01,9.9,29.4,145,6.7,0,27,19
28/7/2024,2:35:01,8.2,29.3,145,6.8,0,27,19
28/7/2024,3:05:01,10.6,29.2,144,6.8,0,26,18
28/7/2024,3:35:01,9.4,29.1,144,6.8,0,26,18
28/7/2024,4:05:01,8.2,29.1,143,6.8,0,26,18
28/7/2024,4:35:01,8.2,29.1,143,6.8,0,26,18
28/7/2024,5:05:01,10.5,29,143,6.8,0,26,18
28/7/2024,5:35:01,8.2,28.9,142,6.8,0,25,17
28/7/2024,6:05:01,10.4,28.9,142,6.9,0,25,17
28/7/2024,6:35:01,10.4,28.8,142,6.9,0,25,17
28/7/2024,7:05:01,9.2,28.7,141,6.9,0,25,17
28/7/2024,7:35:01,8.2,28.7,141,7,0,25,17
28/7/2024,8:05:01,8.1,28.7,141,7,0,25,17
28/7/2024,8:35:01,10.6,28.7,140,6.9,0,24,16
28/7/2024,9:05:01,10.6,28.8,140,7,0,24,16
28/7/2024,9:35:01,8.1,28.9,140,6.9,0,24,16
28/7/2024,10:05:01,9.2,28.9,139,6.9,0,24,16
28/7/2024,10:35:01,11,28.9,139,6.9,0,24,16
28/7/2024,11:05:01,9.7,28.9,138,6.9,0,23,15
28/7/2024,11:35:01,8.5,29,137,7,0,23,15
28/7/2024,12:05:01,8.6,29.2,137,7,0,23,15
28/7/2024,12:35:01,8.2,29.4,136,7,0,22,14
28/7/2024,13:05:01,7.7,29.6,136,7,0,22,14
28/7/2024,13:35:01,9,30.5,135,7.1,0,22,14
28/7/2024,14:05:01,8.2,30.7,135,7.1,0,22,14
28/7/2024,14:35:01,8,30.8,134,7.1,0,21,13
28/7/2024,15:05:01,8.4,30.7,133,7.1,0,21,13
28/7/2024,15:35:01,8.2,30.6,132,7.2,0,20,12
28/7/2024,16:05:01,8.2,30.6,131,7.2,0,20,12
28/7/2024,16:35:01,10.4,30.5,130,7.1,0,19,11
28/7/2024,17:05:01,7.8,30.5,129,7.1,0,19,11
28/7/2024,17:35:01,8.1,30.4,128,7.1,0,18,11
28/7/2024,18:05:01,7.6,30.4,128,7.1,0,18,11
28/7/2024,18:35:01,7.3,30.3,127,7.1,0,18,10
28/7/2024,19:05:01,10,30.1,126,7,0,18,10
28/7/2024,19:35:01,7.4,30,126,7,0,18,10
28/7/2024,20:05:01,9,30,126,7,0,18,10
28/7/2024,20:35:01,7.6,30,126,7,0,18,10
28/7/2024,21:05:01,7.7,30,125,6.9,0,17,9
28/7/2024,21:35:01,7.5,29.9,125,6.9,0,17,9
28/7/2024,22:05:01,8.4,29.9,125,6.8,0,17,9
28/7/2024,22:35:01,7.5,29.8,125,6.8,0,17,9
28/7/2024,23:05:01,6.5,29.8,125,6.8,0,17,9
28/7/2024,23:35:01,7.4,29.7,125,6.8,0,17,9
29/7/2024,0:05:01,6.5,29.7,124,6.7,0,17,9
29/7/2024,0:35:01,8.2,29.6,124,6.7,0,17,9
29/7/2024,1:05:01,9.7,29.6,124,6.7,0,17,9
29/7/2024,1:35:01,7.4,29.5,124,6.6,0,17,9
29/7/2024,2:05:01,7.3,29.5,124,6.6,0,17,9
29/7/2024,2:35:01,7.6,29.5,124,6.5,0,17,9
29/7/2024,3:05:01,6.5,29.3,124,6.5,0,17,9
29/7/2024,3:35:01,8.4,29.2,123,6.5,0,16,8
29/7/2024,4:05:01,7.4,29.2,123,6.5,0,16,8
29/7/2024,4:35:01,6.5,29.2,123,6.5,0,16,8
29/7/2024,5:05:01,7.5,29.2,123,6.5,0,16,8
29/7/2024,5:35:01,7.6,29.2,123,6.5,0,16,8
29/7/2024,6:05:01,7.4,29.1,123,6.5,0,16,8
29/7/2024,6:35:01,7.3,29,123,6.5,0,16,8
29/7/2024,7:05:01,7.7,29,123,6.4,0,16,8
29/7/2024,7:35:01,8,28.9,123,6.5,0,16,8
29/7/2024,8:05:01,8.8,28.7,122,6.5,0,16,8
29/7/2024,8:35:01,7.3,28.3,134,6.6,0,21,13
29/7/2024,9:05:01,8.9,28.4,135,6.6,0,22,14
29/7/2024,9:35:01,8.6,28.4,135,6.6,0,22,14
29/7/2024,10:05:01,8.1,28.5,135,6.6,0,22,14
29/7/2024,10:35:01,7.3,28.6,135,6.5,0,22,14
29/7/2024,11:05:01,7.4,28.6,135,6.5,0,22,14
29/7/2024,11:35:01,7.7,28.8,135,6.4,0,22,14
29/7/2024,12:05:01,7.5,28.9,135,6.4,0,22,14
29/7/2024,12:35:01,7.7,29,134,6.4,0,21,13
29/7/2024,13:05:01,8.2,29.7,134,6.5,0,21,13
29/7/2024,13:35:01,8,30.5,134,6.7,0,21,13
29/7/2024,14:05:01,8.9,31.3,134,6.8,0,21,13
29/7/2024,14:35:01,7.7,31.3,133,6.8,0,21,13
29/7/2024,15:05:01,9.7,31,132,6.7,0,20,12
29/7/2024,15:35:01,7.7,30.9,131,6.7,0,20,12
29/7/2024,16:05:01,7.5,30.7,131,6.7,0,20,12
29/7/2024,16:35:01,7.5,30.6,130,6.7,0,19,11
29/7/2024,17:05:01,7.5,30.5,129,6.7,0,19,11
29/7/2024,17:35:01,7.3,30.4,129,6.6,0,19,11
29/7/2024,18:05:01,7.6,30.3,128,6.6,0,18,11
29/7/2024,18:35:01,7.5,30.3,128,6.6,0,18,11
29/7/2024,19:05:01,7.4,30.2,127,6.6,0,18,10
29/7/2024,19:35:01,8.2,30.2,127,6.6,0,18,10
29/7/2024,20:05:01,6.5,30.1,127,6.6,0,18,10
29/7/2024,20:35:01,7.6,30,126,6.6,0,18,10
29/7/2024,21:05:01,7.4,30,126,6.6,0,18,10
29/7/2024,21:35:01,10.2,30,126,6.6,0,18,10
29/7/2024,22:05:01,7.2,29.9,126,6.6,0,18,10
29/7/2024,22:35:01,8.8,29.9,126,6.6,0,18,10
29/7/2024,23:05:01,7.6,29.9,126,6.5,0,18,10
29/7/2024,23:35:01,6.8,29.8,125,6.5,0,17,9
30/7/2024,0:05:01,7,29.7,125,6.5,0,17,9
30/7/2024,0:35:01,6.8,29.7,125,6.5,0,17,9
30/7/2024,1:05:01,7.6,29.6,125,6.5,0,17,9
30/7/2024,1:35:01,7.7,29.6,125,6.5,0,17,9
30/7/2024,2:05:01,7.3,29.6,125,6.5,0,17,9
30/7/2024,2:35:01,7,29.5,125,6.5,0,17,9
30/7/2024,3:05:01,8.5,29.4,125,6.5,0,17,9
30/7/2024,3:35:01,7.2,29.4,125,6.5,0,17,9
30/7/2024,4:05:01,6.5,29.3,124,6.5,0,17,9
30/7/2024,4:35:01,6.5,29.3,124,6.5,0,17,9
30/7/2024,5:05:01,9,29.1,124,6.4,0,17,9
30/7/2024,5:35:01,6.5,29,124,6.5,0,17,9
30/7/2024,6:05:01,7.6,28.9,124,6.5,0,17,9
30/7/2024,6:35:01,9,28.8,124,6.4,0,17,9
30/7/2024,7:05:01,6.5,28.8,124,6.4,0,17,9
30/7/2024,7:35:01,6.1,28.8,124,6.4,0,17,9
30/7/2024,8:05:01,7.7,28.8,123,6.5,0,16,8
30/7/2024,8:35:01,6.5,28.8,123,6.4,0,16,8
30/7/2024,9:05:01,7.4,28.8,123,6.4,0,16,8
30/7/2024,9:35:01,7.2,28.9,123,6.4,0,16,8
30/7/2024,10:05:01,7.4,28.9,123,6.4,0,16,8
30/7/2024,10:35:01,7.3,28.9,123,6.4,0,16,8
30/7/2024,11:05:01,8,28.9,123,6.4,0,16,8
30/7/2024,11:35:01,9,29.1,123,6.4,0,16,8
30/7/2024,12:05:01,5.8,29.2,123,6.5,0,16,8
30/7/2024,12:35:01,7.4,29.4,122,6.4,0,16,8
30/7/2024,13:05:01,7.4,30.1,123,6.5,0,16,8
30/7/2024,13:35:01,8.8,31,123,6.5,0,16,8
30/7/2024,14:05:01,7.4,31.3,123,6.6,0,16,8
30/7/2024,14:35:01,7.4,31.2,122,6.6,0,16,8
30/7/2024,15:05:01,6.8,31.2,122,6.6,0,16,8
30/7/2024,15:35:01,9,31,122,6.6,0,16,8
30/7/2024,16:05:01,8.6,30.8,121,6.6,0,15,7
30/7/2024,16:35:01,6.8,30.7,121,6.6,0,15,7
30/7/2024,17:05:01,8.2,30.5,121,6.5,0,15,7
30/7/2024,17:35:01,5.8,30.4,121,6.5,0,15,7
30/7/2024,18:05:01,8.2,30.3,121,6.5,0,15,7
30/7/2024,18:35:01,7.5,30.3,121,6.5,0,15,7
30/7/2024,19:05:01,18.3,30.2,178,6.9,0,43,35
30/7/2024,19:35:01,14.5,30.1,149,5.5,0,29,21
30/7/2024,20:05:01,13.8,30,145,5.2,0,27,19
30/7/2024,20:35:01,12,29.9,143,5.2,0,26,18
30/7/2024,21:05:01,12.6,29.8,141,5.1,0,25,17
30/7/2024,21:35:01,12.4,29.7,140,5.1,0,24,16
30/7/2024,22:05:01,9.8,29.7,139,5.1,0,24,16
30/7/2024,22:35:01,10.4,29.6,139,5.1,0,24,16
30/7/2024,23:05:01,10.4,29.4,138,5.1,0,23,15
30/7/2024,23:35:01,12.7,29.3,137,5.1,0,23,15
31/7/2024,0:05:01,9.8,29.3,137,5.1,0,23,15
31/7/2024,0:35:01,10.5,29.3,137,5.1,0,23,15
31/7/2024,1:05:01,11.2,29.3,136,5.1,0,22,14
31/7/2024,1:35:01,9.7,29.2,136,5.1,0,22,14
31/7/2024,2:05:01,9.4,29.1,135,5.1,0,22,14
31/7/2024,2:35:01,12,28.9,135,5,0,22,14
31/7/2024,3:05:01,9.7,28.9,134,5,0,21,13
31/7/2024,3:35:01,12,28.9,134,5,0,21,13
31/7/2024,4:05:01,8.9,28.9,134,5,0,21,13
31/7/2024,4:35:01,12.2,28.8,134,5,0,21,13
31/7/2024,5:05:01,9.9,28.8,133,5,0,21,13
31/7/2024,5:35:01,9.9,28.7,133,5,0,21,13
31/7/2024,6:05:01,8.9,28.7,133,5,0,21,13
31/7/2024,6:35:01,10.5,28.7,132,5.1,0,20,12
31/7/2024,7:05:01,10.6,28.5,132,5.1,0,20,12
31/7/2024,7:35:01,10.2,28.1,131,5,0,20,12
31/7/2024,8:05:01,12.2,27.8,153,4.8,0,31,23
31/7/2024,8:35:01,15.4,27.7,159,4.7,0,33,26
31/7/2024,9:05:01,12.6,27.9,156,4.7,0,32,24
31/7/2024,9:35:01,14.4,27.9,158,4.7,0,33,25
31/7/2024,10:05:01,13.3,28,159,4.7,0,33,26
31/7/2024,10:35:01,12.5,28.1,160,4.8,0,34,26
31/7/2024,11:05:01,11.7,28.2,161,4.8,0,34,27
31/7/2024,11:35:01,11.4,28.2,161,4.9,0,34,27
31/7/2024,12:05:01,14.2,28.3,161,5,0,34,27
31/7/2024,12:35:01,12.1,28.4,162,5,0,35,27
31/7/2024,13:05:01,11,28.6,161,5.1,0,34,27
31/7/2024,13:35:01,11.9,29.6,162,5.3,0,35,27
31/7/2024,14:05:01,10.9,29.8,162,5.4,0,35,27
31/7/2024,14:35:01,12,30.2,161,5.5,0,34,27
31/7/2024,15:05:01,10.4,30,160,5.6,0,34,26
31/7/2024,15:35:01,9.7,29.8,159,5.8,0,33,26
31/7/2024,16:05:01,10.2,29.7,157,5.9,0,32,25
31/7/2024,16:35:01,9.7,29.6,156,6,0,32,24
31/7/2024,17:05:01,9.4,29.6,155,6.2,0,31,24
31/7/2024,17:35:01,9.9,29.5,154,6.3,0,31,23
31/7/2024,18:05:01,8.9,29.4,153,6.4,0,31,23
31/7/2024,18:35:01,9.4,29.3,152,6.4,0,30,22
31/7/2024,19:05:01,9.4,29.1,152,6.4,0,30,22
31/7/2024,19:35:01,9,29,151,6.4,0,30,22
31/7/2024,20:05:01,9.4,28.8,150,6.4,0,29,21
31/7/2024,20:35:01,8.9,28.8,150,6.4,0,29,21
31/7/2024,21:05:01,11.2,28.8,149,6.4,0,29,21
31/7/2024,21:35:01,8.5,28.8,149,6.3,0,29,21
31/7/2024,22:05:01,8.2,28.8,149,6.3,0,29,21
31/7/2024,22:35:01,11.4,28.8,148,6.2,0,28,20
31/7/2024,23:05:01,8.5,28.8,148,6.2,0,28,20
31/7/2024,23:35:01,11.6,28.8,147,6.1,0,28,20
1/8/2024,0:05:01,11,28.7,147,6.1,0,28,20
1/8/2024,0:35:01,8.2,28.6,146,6,0,27,19
1/8/2024,1:05:01,8.2,28.6,146,6,0,27,19
1/8/2024,1:35:01,10.6,28.6,145,5.9,0,27,19
1/8/2024,2:05:01,9.2,28.6,145,5.9,0,27,19
1/8/2024,2:35:01,9.2,28.5,145,5.9,0,27,19
1/8/2024,3:05:01,8.1,28.4,144,5.8,0,26,18
1/8/2024,3:35:01,9.9,28.4,144,5.8,0,26,18
1/8/2024,4:05:01,8.1,28.3,143,5.8,0,26,18
1/8/2024,4:35:01,10.6,28.2,143,5.7,0,26,18
1/8/2024,5:05:01,10.6,28.1,143,5.7,0,26,18
1/8/2024,5:35:01,9.4,28.1,142,5.7,0,25,17
1/8/2024,6:05:01,10.6,28,142,5.7,0,25,17
1/8/2024,6:35:01,9.7,28,142,5.7,0,25,17
1/8/2024,7:05:01,10.5,28,141,5.7,0,25,17
1/8/2024,7:35:01,8.5,27.9,141,5.7,0,25,17
1/8/2024,8:05:01,9,27.9,141,5.7,0,25,17
1/8/2024,8:35:01,9,27.9,140,5.7,0,24,16
1/8/2024,9:05:01,8.2,28,140,5.7,0,24,16
1/8/2024,9:35:01,8.2,28,140,5.7,0,24,16
1/8/2024,10:05:01,8.6,28.1,139,5.7,0,24,16
1/8/2024,10:35:01,10.6,28.1,139,5.7,0,24,16
1/8/2024,11:05:01,7.7,28.2,138,5.7,0,23,15
1/8/2024,11:35:01,8.9,28.3,137,5.7,0,23,15
1/8/2024,12:05:01,7.7,28.3,137,5.8,0,23,15
1/8/2024,12:35:01,7.7,28.4,136,5.8,0,22,14
1/8/2024,13:05:01,8.4,29,136,5.9,0,22,14
1/8/2024,13:35:01,7.7,29.9,135,6.1,0,22,14
1/8/2024,14:05:01,7.7,30.9,135,6.3,0,22,14
1/8/2024,14:35:01,7.7,31.5,134,6.5,0,21,13
1/8/2024,15:05:01,10.4,31.1,133,6.5,0,21,13
1/8/2024,15:35:01,9.8,30.8,132,6.5,0,20,12
1/8/2024,16:05:01,10.5,30.6,131,6.5,0,20,12
1/8/2024,16:35:01,7.5,30.5,130,6.5,0,19,11
1/8/2024,17:05:01,7.8,30.5,129,6.5,0,19,11
1/8/2024,17:35:01,8.4,30.5,128,6.5,0,18,11
1/8/2024,18:05:01,10.2,30.4,127,6.4,0,18,10
1/8/2024,18:35:01,9.2,30.2,127,6.3,0,18,10
1/8/2024,19:05:01,7.6,30.1,126,6.2,0,18,10
1/8/2024,19:35:01,7.7,30,126,6.1,0,18,10
1/8/2024,20:05:01,7.6,30,126,6,0,18,10
1/8/2024,20:35:01,7.5,29.9,125,6,0,17,9
1/8/2024,21:05:01,8.2,29.8,125,5.9,0,17,9
1/8/2024,21:35:01,7.4,29.8,125,5.8,0,17,9
1/8/2024,22:05:01,8.2,29.8,125,5.8,0,17,9
1/8/2024,22:35:01,6.5,29.7,125,5.8,0,17,9
1/8/2024,23:05:01,9,29.7,124,5.8,0,17,9
1/8/2024,23:35:01,9.8,29.7,124,5.8,0,17,9
2/8/2024,0:05:01,9,29.6,124,5.7,0,17,9
2/8/2024,0:35:01,7.6,29.6,124,5.7,0,17,9
2/8/2024,1:05:01,9.2,29.5,124,5.7,0,17,9
2/8/2024,1:35:01,6.5,29.5,124,5.6,0,17,9
2/8/2024,2:05:01,7.3,29.4,124,5.6,0,17,9
2/8/2024,2:35:01,7.5,29.4,123,5.7,0,16,8
2/8/2024,3:05:01,6.5,29.4,123,5.6,0,16,8
2/8/2024,3:35:01,6.5,29.3,123,5.6,0,16,8
2/8/2024,4:05:01,7.3,29.2,123,5.6,0,16,8
2/8/2024,4:35:01,6.5,29.2,123,5.5,0,16,8
2/8/2024,5:05:01,9.2,29.1,123,5.5,0,16,8
2/8/2024,5:35:01,6.5,29.1,123,5.6,0,16,8
2/8/2024,6:05:01,6.5,29,123,5.7,0,16,8
2/8/2024,6:35:01,8.2,28.9,122,5.6,0,16,8
2/8/2024,7:05:01,9,28.9,122,5.6,0,16,8
2/8/2024,7:35:01,8.1,28.9,122,5.6,0,16,8
2/8/2024,8:05:01,8,28.8,122,5.5,0,16,8
2/8/2024,8:35:01,7.3,28.7,122,5.4,0,16,8
2/8/2024,9:05:01,7.2,28.8,122,5.4,0,16,8
2/8/2024,9:35:01,7.3,28.8,121,5.5,0,15,7
2/8/2024,10:05:01,7.7,28.8,121,5.4,0,15,7
2/8/2024,10:35:01,7.6,28.8,121,5.5,0,15,7
2/8/2024,11:05:01,7.2,28.9,121,5.5,0,15,7
2/8/2024,11:35:01,8.4,29,121,5.6,0,15,7
2/8/2024,12:05:01,7.6,29.3,120,5.6,0,15,7
2/8/2024,12:35:01,6.5,29.4,120,5.6,0,15,7
2/8/2024,13:05:01,9.4,30.1,120,5.7,0,15,7
2/8/2024,13:35:01,10,30.8,120,5.8,0,15,7
2/8/2024,14:05:01,8.4,31.7,120,5.9,0,15,7
2/8/2024,14:35:01,7.3,32.3,120,6,0,15,7
2/8/2024,15:05:01,7.3,31.7,120,6,0,15,7
2/8/2024,15:35:01,7.6,31.5,119,6.1,0,14,6
2/8/2024,16:05:01,6.5,31.3,119,6.3,0,14,6
2/8/2024,16:35:01,6.5,31.1,119,6.5,0,14,6
2/8/2024,17:05:01,8.9,31,119,6.6,0,14,6
2/8/2024,17:35:01,7.4,30.7,119,6.7,0,14,6
2/8/2024,18:05:01,7.4,30.5,119,6.6,0,14,6
2/8/2024,18:35:01,6.5,30.4,119,6.6,0,14,6
2/8/2024,19:05:01,6,30.1,107,7.3,0,8,0
2/8/2024,19:35:01,5,30,106,6.9,0,8,0
2/8/2024,20:05:01,5.7,30,106,6.7,0,8,0
2/8/2024,20:35:01,6.8,29.7,106,6.8,0,8,0
2/8/2024,21:05:01,5.7,29.6,106,6.6,0,8,0
2/8/2024,21:35:01,7.3,29.6,106,6.4,0,8,0
2/8/2024,22:05:01,5,29.2,106,6.6,0,8,0
2/8/2024,22:35:01,6,29,106,6.5,0,8,0
2/8/2024,23:05:01,6.5,29,106,6.5,0,8,0
2/8/2024,23:35:01,5,29,106,6.4,0,8,0
3/8/2024,0:05:01,5.7,29,106,6.6,0,8,0
3/8/2024,0:35:01,6.5,28.9,106,6.5,0,8,0
3/8/2024,1:05:01,7.3,28.7,106,6.6,0,8,0
3/8/2024,1:35:01,5,28.6,106,6.5,0,8,0
3/8/2024,2:05:01,5.8,28.6,106,6.6,0,8,0
3/8/2024,2:35:01,6.5,28.3,106,6.6,0,8,0
3/8/2024,3:05:01,5.8,28.3,106,6.5,0,8,0
3/8/2024,3:35:01,6.1,28.3,106,6.6,0,8,0
3/8/2024,4:05:01,6.2,28.2,106,6.7,0,8,0
3/8/2024,4:35:01,7.6,28.1,106,6.7,0,8,0
3/8/2024,5:05:01,5.8,28.1,106,6.6,0,8,0
3/8/2024,5:35:01,7.3,28.1,106,6.7,0,8,0
3/8/2024,6:05:01,7.3,28.1,106,6.7,0,8,0
3/8/2024,6:35:01,7.7,28.1,106,6.8,0,8,0
3/8/2024,7:05:01,7.3,28.1,106,6.6,0,8,0
3/8/2024,7:35:01,7.3,28.1,106,6.6,0,8,0
3/8/2024,8:05:01,8.1,28.1,106,6.7,0,8,0
3/8/2024,8:35:01,5.7,28.1,106,6.7,0,8,0
3/8/2024,9:05:01,6.4,28.1,106,6.5,0,8,0
3/8/2024,9:35:01,6.7,28.2,106,6.6,0,8,0
3/8/2024,10:05:01,7,28.3,106,6.6,0,8,0
3/8/2024,10:35:01,7.5,28.4,106,6.6,0,8,0
3/8/2024,11:05:01,5,28.5,106,6.6,0,8,0
3/8/2024,11:35:01,6,28.7,106,6.5,0,8,0
3/8/2024,12:05:01,8.1,28.8,106,6.7,0,8,0
3/8/2024,12:35:01,7.6,28.9,106,6.8,0,8,0
3/8/2024,13:05:01,5.8,29,106,6.8,0,8,0
3/8/2024,13:35:01,7.6,29.3,106,6.6,0,8,0
3/8/2024,14:05:01,7.4,29.7,106,7,0,8,0
3/8/2024,14:35:01,7.3,29.2,106,7.2,0,8,0
3/8/2024,15:05:01,26.9,25.6,115,7.6,0,12,4
3/8/2024,15:35:01,27.6,26.6,118,6.5,0,14,6
3/8/2024,16:05:01,26.1,27,119,5.7,0,14,6
3/8/2024,16:35:01,26,27.3,120,5.3,0,15,7
3/8/2024,17:05:01,25.8,27.6,121,5.1,0,15,7
3/8/2024,17:35:01,27.3,27.7,121,5,0,15,7
3/8/2024,18:05:01,25.8,27.8,121,4.9,0,15,7
3/8/2024,18:35:01,23.5,27.8,121,4.8,0,15,7
3/8/2024,19:05:01,24.5,27.9,122,4.8,0,16,8
3/8/2024,19:35:01,23.7,27.9,122,4.7,0,16,8
3/8/2024,20:05:01,26.3,28,122,4.6,0,16,8
3/8/2024,20:35:01,23.6,28,122,4.6,0,16,8
3/8/2024,21:05:01,23.5,28,122,4.5,0,16,8
3/8/2024,21:35:01,24.8,28,122,4.5,0,16,8
3/8/2024,22:05:01,23.5,28,122,4.4,0,16,8
3/8/2024,22:35:01,22.9,28,122,4.4,0,16,8
3/8/2024,23:05:01,22.6,27.9,122,4.4,0,16,8
3/8/2024,23:35:01,23.1,27.9,122,4.4,0,16,8
4/8/2024,0:05:01,22.3,27.9,122,4.3,0,16,8
4/8/2024,0:35:01,24.5,27.8,121,4.3,0,15,7
4/8/2024,1:05:01,23.9,27.9,121,4.4,0,15,7
4/8/2024,1:35:01,22.3,27.9,121,4.4,0,15,7
4/8/2024,2:05:01,22.7,27.6,121,4.3,0,15,7
4/8/2024,2:35:01,22.6,27.5,121,4.3,0,15,7
4/8/2024,3:05:01,22.8,27.5,121,4.3,0,15,7
4/8/2024,3:35:01,22.4,27.5,121,4.4,0,15,7
4/8/2024,4:05:01,22.6,27.5,121,4.4,0,15,7
4/8/2024,4:35:01,21.9,27.5,121,4.5,0,15,7
4/8/2024,5:05:01,23,27.5,120,4.5,0,15,7
4/8/2024,5:35:01,21.7,27.6,120,4.6,0,15,7
4/8/2024,6:05:01,21.7,27.5,120,4.7,0,15,7
4/8/2024,6:35:01,20.4,27.5,120,4.7,0,15,7
4/8/2024,7:05:01,21.5,27.6,120,4.7,0,15,7
4/8/2024,7:35:01,22.1,27.5,120,4.7,0,15,7
4/8/2024,8:05:01,21.5,27.6,120,4.8,0,15,7
4/8/2024,8:35:01,20.4,27.6,120,4.9,0,15,7
4/8/2024,9:05:01,26.9,26.4,118,5.6,0,14,6
4/8/2024,9:35:01,26.8,26.5,119,5,0,14,6
4/8/2024,10:05:01,25.2,26.5,119,4.4,0,14,6
4/8/2024,10:35:01,26.5,26.7,120,4.3,0,15,7
4/8/2024,11:05:01,25,26.8,120,4.2,0,15,7
4/8/2024,11:35:01,25.9,27,121,4.2,0,15,7
4/8/2024,12:05:01,30,26,118,4.7,0,14,6
4/8/2024,12:35:01,26.8,26.2,116,4.9,0,13,5
4/8/2024,13:05:01,27.1,26.5,117,4.6,0,13,5
4/8/2024,13:35:01,25.5,26.8,118,4.4,0,14,6
4/8/2024,14:05:01,25.2,27.2,118,4.4,0,14,6
4/8/2024,14:35:01,24.3,27.6,118,4.4,0,14,6
4/8/2024,15:05:01,25.2,27.8,119,4.3,0,14,6
4/8/2024,15:35:01,23.4,27.9,119,4.2,0,14,6
4/8/2024,16:05:01,25.2,27.7,119,4.2,0,14,6
4/8/2024,16:35:01,25,27.7,119,4.1,0,14,6
4/8/2024,17:05:01,24.3,27.7,119,4.1,0,14,6
4/8/2024,17:35:01,26,27.7,119,4,0,14,6
4/8/2024,18:05:01,24.5,27.8,119,4.1,0,14,6
