history data is exported  only for reference.,,,,,,,,
Export time:2024/08/04 18:26,,,,,,,,
,,,,,,,,
,,,,,,,,
date,time,Humi,Temp,EC,PH,N,P,K
10/7/2024,15:24:48,24,26.3,272,7.5,18,88,81
10/7/2024,15:54:48,22.4,26.4,272,7.7,18,88,81
10/7/2024,16:24:48,21.3,26.4,272,7.7,18,88,81
10/7/2024,16:54:48,21.7,26.5,272,7.8,18,88,81
10/7/2024,17:24:48,21.9,26.5,272,7.8,18,88,81
10/7/2024,17:54:48,21.3,26.5,272,7.9,18,88,81
10/7/2024,18:24:48,23.8,26.5,272,7.9,18,88,81
10/7/2024,18:54:48,21.7,26.5,272,8,18,88,81
10/7/2024,19:24:48,22.2,26.5,272,8.1,18,88,81
10/7/2024,19:54:48,21.1,26.5,272,8.1,18,88,81
10/7/2024,20:24:48,21.5,26.4,272,8.1,18,88,81
10/7/2024,20:54:48,22.4,26.4,272,8.2,18,88,81
10/7/2024,21:24:48,21.5,26.4,272,8.1,18,88,81
10/7/2024,21:54:48,21.1,26.3,272,8.2,18,88,81
10/7/2024,22:24:48,22.5,26.3,272,8.2,18,88,81
10/7/2024,22:54:48,21.6,26.2,272,8.2,18,88,81
10/7/2024,23:24:48,21,26.2,271,8.2,18,87,80
10/7/2024,23:54:48,20.2,26.2,271,8.2,18,87,80
11/7/2024,0:24:48,21.1,26.2,271,8.2,18,87,80
11/7/2024,0:54:48,20.3,26.1,271,8.2,18,87,80
11/7/2024,1:24:48,19.9,26.1,271,8.2,18,87,80
11/7/2024,1:54:48,21.7,26,271,8.2,18,87,80
11/7/2024,2:24:48,21.7,26,271,8.2,18,87,80
11/7/2024,2:54:48,20.8,25.9,271,8.2,18,87,80
11/7/2024,3:24:48,19.7,25.9,271,8.2,18,87,80
11/7/2024,3:54:48,20.6,25.9,271,8.2,18,87,80
11/7/2024,4:24:48,20.4,25.9,271,8.3,18,87,80
11/7/2024,4:54:48,21.4,25.9,271,8.2,18,87,80
11/7/2024,5:24:48,19.7,25.8,271,8.3,18,87,80
11/7/2024,5:54:48,20.2,25.8,271,8.3,18,87,80
11/7/2024,6:24:48,21,25.7,271,8.3,18,87,80
11/7/2024,6:54:48,19.9,25.7,271,8.3,18,87,80
11/7/2024,7:24:48,21.5,25.7,271,8.3,18,87,80
11/7/2024,7:54:48,21.7,25.7,271,8.4,18,87,80
11/7/2024,8:24:48,19.7,25.8,271,8.4,18,87,80
11/7/2024,8:54:48,21,25.8,271,8.4,18,87,80
11/7/2024,9:24:48,20.7,26,271,8.5,18,87,80
11/7/2024,9:54:48,21.4,26.1,271,8.5,18,87,80
11/7/2024,10:24:48,19.9,26.2,271,8.6,18,87,80
11/7/2024,10:54:48,19.5,26.4,271,8.6,18,87,80
11/7/2024,11:24:48,18.8,26.5,271,8.6,18,87,80
11/7/2024,11:54:48,22.2,26.7,271,8.7,18,87,80
11/7/2024,12:24:48,19,26.7,270,8.7,17,87,80
11/7/2024,12:54:48,19.5,26.9,270,8.7,17,87,80
11/7/2024,13:24:48,19.6,26.9,270,8.7,17,87,80
11/7/2024,13:54:48,19.4,27.1,270,8.8,17,87,80
11/7/2024,14:24:48,20.8,27.2,270,8.9,17,87,80
11/7/2024,14:54:48,18.8,27.2,270,8.9,17,87,80
11/7/2024,15:24:48,21,27.3,270,9,17,87,80
11/7/2024,15:54:48,20,27.3,270,9,17,87,80
11/7/2024,16:24:48,19,27.3,270,9,17,87,80
11/7/2024,16:54:48,20.4,27.4,270,9,17,87,80
11/7/2024,17:24:48,20.2,27.4,270,9,17,87,80
11/7/2024,17:54:48,19.5,27.4,269,9,17,86,79
11/7/2024,18:24:48,19.2,27.1,269,9,17,86,79
11/7/2024,18:54:48,18.5,27.2,269,9,17,86,79
11/7/2024,19:24:48,19,27.2,269,9,17,86,79
11/7/2024,19:54:48,18.3,27.2,269,9,17,86,79
11/7/2024,20:24:48,18.9,27.1,269,9,17,86,79
11/7/2024,20:54:48,19,27.1,269,9,17,86,79
11/7/2024,21:24:48,18.5,27,269,9,17,86,79
11/7/2024,21:54:48,18.3,27,269,9,17,86,79
11/7/2024,22:24:48,19.7,27,269,9,17,86,79
11/7/2024,22:54:48,18.2,26.9,269,9,17,86,79
11/7/2024,23:24:48,19,26.9,269,9,17,86,79
11/7/2024,23:54:48,18.3,26.9,269,9,17,86,79
12/7/2024,0:24:48,19.4,26.9,269,9,17,86,79
12/7/2024,0:54:48,19.2,26.9,269,9,17,86,79
12/7/2024,1:24:48,19.6,26.8,269,9,17,86,79
12/7/2024,1:54:48,18.8,26.8,269,9,17,86,79
12/7/2024,2:24:48,23.8,26.5,272,9,18,88,81
12/7/2024,2:54:48,24.1,26,273,9,18,88,81
12/7/2024,3:24:48,24.6,25.8,272,9,18,88,81
12/7/2024,3:54:48,24.3,25.7,273,9,18,88,81
12/7/2024,4:24:48,22.9,25.7,272,9,18,88,81
12/7/2024,4:54:48,24,25.6,272,9,18,88,81
12/7/2024,5:24:48,25.2,25.5,272,9,18,88,81
12/7/2024,5:54:48,24,25.5,272,9,18,88,81
12/7/2024,6:24:48,24.6,25.5,272,9,18,88,81
12/7/2024,6:54:48,23.8,25.4,272,9,18,88,81
12/7/2024,7:24:48,23.5,25.4,272,9,18,88,81
12/7/2024,7:54:49,23.6,25.4,272,9,18,88,81
12/7/2024,8:24:49,22.4,25.4,272,9,18,88,81
12/7/2024,8:54:49,23.5,25.5,272,9,18,88,81
12/7/2024,9:24:49,21.6,25.5,272,9,18,88,81
12/7/2024,9:54:49,21.6,25.5,272,9,18,88,81
12/7/2024,10:24:49,21.6,25.6,272,9,18,88,81
12/7/2024,10:54:49,21.6,25.7,271,9,18,87,80
12/7/2024,11:24:49,21.3,25.8,271,9,18,87,80
12/7/2024,11:54:49,21.2,26,271,9,18,87,80
12/7/2024,12:24:49,21.9,26.1,272,9,18,88,81
12/7/2024,12:54:49,21.7,26.3,271,9,18,87,80
12/7/2024,13:24:49,22.2,26.5,271,9,18,87,80
12/7/2024,13:54:49,21.1,26.5,271,9,18,87,80
12/7/2024,14:24:49,20.4,26.7,271,9,18,87,80
12/7/2024,14:54:49,21.7,26.7,271,9,18,87,80
12/7/2024,15:24:49,21.6,26.8,271,9,18,87,80
12/7/2024,15:54:49,21.7,26.9,271,9,18,87,80
12/7/2024,16:24:49,19.7,26.9,271,9,18,87,80
12/7/2024,16:54:49,19.2,27,271,9,18,87,80
12/7/2024,17:24:49,19.7,27,271,9,18,87,80
12/7/2024,17:54:49,19.5,27,271,9,18,87,80
12/7/2024,18:24:49,25,27.1,275,9,18,89,82
12/7/2024,18:54:49,25.3,27.2,279,8.4,19,91,84
12/7/2024,19:24:49,24.2,27.2,278,8.4,19,91,83
12/7/2024,19:54:49,23.9,27.1,277,8.5,19,90,83
12/7/2024,20:24:49,22.8,27,276,8.5,19,90,82
12/7/2024,20:54:49,24.4,26.9,276,8.6,19,90,82
12/7/2024,21:24:49,24.1,26.9,275,8.6,18,89,82
12/7/2024,21:54:49,22.7,26.8,275,8.7,18,89,82
12/7/2024,22:24:49,22.5,26.7,275,8.7,18,89,82
12/7/2024,22:54:49,24.1,26.8,275,8.8,18,89,82
12/7/2024,23:24:49,21.6,26.7,274,8.7,18,89,82
12/7/2024,23:54:49,21.5,26.7,274,8.8,18,89,82
13/7/2024,0:24:49,22.9,26.7,274,8.8,18,89,82
13/7/2024,0:54:49,22.2,26.6,274,8.8,18,89,82
13/7/2024,1:24:49,23.1,26.5,273,8.8,18,88,81
13/7/2024,1:54:49,22.2,26.5,273,8.8,18,88,81
13/7/2024,2:24:49,21.2,26.5,273,8.9,18,88,81
13/7/2024,2:54:49,22.8,26.5,273,8.9,18,88,81
13/7/2024,3:24:49,22.9,26.4,273,8.9,18,88,81
13/7/2024,3:54:49,22.5,26.4,273,8.9,18,88,81
13/7/2024,4:24:49,21.7,26.4,273,8.9,18,88,81
13/7/2024,4:54:49,21.3,26.3,273,9,18,88,81
13/7/2024,5:24:49,22.3,26.3,272,9,18,88,81
13/7/2024,5:54:49,21,26.2,272,9,18,88,81
13/7/2024,6:24:49,21.4,26.1,272,9,18,88,81
13/7/2024,6:54:49,20.8,26.1,272,9,18,88,81
13/7/2024,7:24:49,21,26.1,272,9,18,88,81
13/7/2024,7:54:49,21,26.1,272,9,18,88,81
13/7/2024,8:24:49,20.2,26.1,272,9,18,88,81
13/7/2024,8:54:49,22,26.2,272,9,18,88,81
13/7/2024,9:24:49,20.8,26.3,272,9,18,88,81
13/7/2024,9:54:49,21.7,26.3,272,9,18,88,81
13/7/2024,10:24:49,19.9,26.5,272,9,18,88,81
13/7/2024,10:54:49,19.7,26.6,272,9,18,88,81
13/7/2024,11:24:49,20.4,26.7,272,9,18,88,81
13/7/2024,11:54:49,20.4,26.9,271,9,18,87,80
13/7/2024,12:24:49,20.5,27,271,9,18,87,80
13/7/2024,12:54:49,19.2,27.1,271,9,18,87,80
13/7/2024,13:24:49,20.4,27.2,271,9,18,87,80
13/7/2024,13:54:49,20.6,27.2,271,9,18,87,80
13/7/2024,14:24:49,19,27.4,271,9,18,87,80
13/7/2024,14:54:49,20,27.4,271,9,18,87,80
13/7/2024,15:24:49,18.5,27.4,271,9,18,87,80
13/7/2024,15:54:49,19.4,27.4,270,9,17,87,80
13/7/2024,16:24:49,19,27.4,270,9,17,87,80
13/7/2024,16:54:49,20.7,27.4,270,9,17,87,80
13/7/2024,17:24:49,20.7,27.4,270,9,17,87,80
13/7/2024,17:54:49,19.2,27.4,270,9,17,87,80
13/7/2024,18:24:49,22.3,27.5,288,7.4,21,96,88
13/7/2024,18:54:49,21.1,27.4,285,7.5,21,94,87
13/7/2024,19:24:49,22,27.4,284,7.6,20,94,86
13/7/2024,19:54:49,19.7,27.4,283,7.8,20,93,86
13/7/2024,20:24:49,22.1,27.4,282,7.9,20,93,85
13/7/2024,20:54:49,21.7,27.3,281,8.1,20,92,85
13/7/2024,21:24:49,20.4,27.3,281,8.2,20,92,85
13/7/2024,21:54:49,19.7,27.2,280,8.3,20,92,84
13/7/2024,22:24:49,19.6,27.1,279,8.4,19,91,84
13/7/2024,22:54:49,18.9,27.1,279,8.4,19,91,84
13/7/2024,23:24:49,19,27,278,8.5,19,91,83
13/7/2024,23:54:49,18.9,27,278,8.5,19,91,83
14/7/2024,0:24:49,21,27,277,8.5,19,90,83
14/7/2024,0:54:49,20.1,26.9,277,8.5,19,90,83
14/7/2024,1:24:49,19.6,26.9,277,8.5,19,90,83
14/7/2024,1:54:49,20.8,26.8,276,8.5,19,90,82
14/7/2024,2:24:49,19.5,26.8,276,8.5,19,90,82
14/7/2024,2:54:49,19.2,26.7,276,8.4,19,90,82
14/7/2024,3:24:49,19.2,26.7,276,8.5,19,90,82
14/7/2024,3:54:49,19.2,26.7,275,8.5,18,89,82
14/7/2024,4:24:49,20.8,26.6,275,8.5,18,89,82
14/7/2024,4:54:49,18.3,26.5,275,8.5,18,89,82
14/7/2024,5:24:49,19,26.5,275,8.5,18,89,82
14/7/2024,5:54:49,20.1,26.5,274,8.4,18,89,82
14/7/2024,6:24:49,18.3,26.5,274,8.4,18,89,82
14/7/2024,6:54:49,20.7,26.5,274,8.5,18,89,82
14/7/2024,7:24:49,18.5,26.5,274,8.5,18,89,82
14/7/2024,7:54:49,18.3,26.4,274,8.5,18,89,82
14/7/2024,8:24:49,19.6,26.4,274,8.5,18,89,82
14/7/2024,8:54:49,20.1,26.5,274,8.5,18,89,82
14/7/2024,9:24:49,19.5,26.5,273,8.5,18,88,81
14/7/2024,9:54:49,18.3,26.6,273,8.6,18,88,81
14/7/2024,10:24:49,19.6,26.6,273,8.6,18,88,81
14/7/2024,10:54:49,18.2,26.7,273,8.5,18,88,81
14/7/2024,11:24:49,19.6,26.8,273,8.6,18,88,81
14/7/2024,11:54:49,19.5,26.9,273,8.6,18,88,81
14/7/2024,12:24:49,19,27.1,273,8.6,18,88,81
14/7/2024,12:54:49,18.3,27.1,273,8.6,18,88,81
14/7/2024,13:24:49,17.9,27.3,272,8.7,18,88,81
14/7/2024,13:54:49,19,27.3,272,8.7,18,88,81
14/7/2024,14:24:49,17.2,27.3,272,8.7,18,88,81
14/7/2024,14:54:49,18.9,27.4,272,8.8,18,88,81
14/7/2024,15:24:49,17.4,27.4,272,8.8,18,88,81
14/7/2024,15:54:49,17.1,27.4,272,8.8,18,88,81
14/7/2024,16:24:49,19.5,27.5,272,8.9,18,88,81
14/7/2024,16:54:49,16.7,27.5,272,8.8,18,88,81
14/7/2024,17:24:49,19.9,27.6,275,8.5,18,89,82
14/7/2024,17:54:49,21.2,27.6,275,8.6,18,89,82
14/7/2024,18:24:49,20.1,27.6,275,8.6,18,89,82
14/7/2024,18:54:49,21,27.6,275,8.7,18,89,82
14/7/2024,19:24:49,20.3,27.6,275,8.7,18,89,82
14/7/2024,19:54:49,20.2,27.5,274,8.7,18,89,82
14/7/2024,20:24:49,22.2,27.5,274,8.7,18,89,82
14/7/2024,20:54:49,21.7,27.5,274,8.8,18,89,82
14/7/2024,21:24:49,21,27.4,274,8.8,18,89,82
14/7/2024,21:54:50,19.7,27.3,274,8.8,18,89,82
14/7/2024,22:24:50,19.5,27.3,273,8.8,18,88,81
14/7/2024,22:54:50,19.9,27.3,273,8.8,18,88,81
14/7/2024,23:24:50,18.9,27.2,273,8.8,18,88,81
14/7/2024,23:54:50,20.3,27.2,273,8.9,18,88,81
15/7/2024,0:24:50,19,27.1,273,8.9,18,88,81
15/7/2024,0:54:50,20,27,273,8.9,18,88,81
15/7/2024,1:24:50,19.2,26.9,273,8.9,18,88,81
15/7/2024,1:54:50,19.6,26.9,272,8.9,18,88,81
15/7/2024,2:24:50,19.2,26.9,272,9,18,88,81
15/7/2024,2:54:50,20.3,26.8,272,8.9,18,88,81
15/7/2024,3:24:50,20.8,26.7,272,9,18,88,81
15/7/2024,3:54:50,19.6,26.7,272,9,18,88,81
15/7/2024,4:24:50,19.2,26.6,271,9,18,87,80
15/7/2024,4:54:50,19.9,26.6,271,9,18,87,80
15/7/2024,5:24:50,19,26.5,271,9,18,87,80
15/7/2024,5:54:50,20.3,26.5,271,9,18,87,80
15/7/2024,6:24:50,18.5,26.5,271,9,18,87,80
15/7/2024,6:54:50,19.5,26.5,271,9,18,87,80
15/7/2024,7:24:50,18.3,26.4,271,9,18,87,80
15/7/2024,7:54:50,20.2,26.4,271,9,18,87,80
15/7/2024,8:24:50,19.6,26.4,270,9,17,87,80
15/7/2024,8:54:50,18.8,26.5,270,9,17,87,80
15/7/2024,9:24:50,19,26.6,270,9,17,87,80
15/7/2024,9:54:50,19.6,26.6,270,9,17,87,80
15/7/2024,10:24:50,19.5,26.7,270,9,17,87,80
15/7/2024,10:54:50,19,26.9,270,9,17,87,80
15/7/2024,11:24:50,17.8,26.9,270,9,17,87,80
15/7/2024,11:54:50,19,27,270,9,17,87,80
15/7/2024,12:24:50,19.7,27.2,270,9,17,87,80
15/7/2024,12:54:50,19.2,27.3,270,9,17,87,80
15/7/2024,13:24:50,19.1,27.4,270,9,17,87,80
15/7/2024,13:54:50,18.2,27.5,270,9,17,87,80
15/7/2024,14:24:50,17.4,27.6,270,9,17,87,80
15/7/2024,14:54:50,19.5,27.6,270,9,17,87,80
15/7/2024,15:24:50,17.6,27.6,270,9,17,87,80
15/7/2024,15:54:50,18.3,27.7,269,9,17,86,79
15/7/2024,16:24:50,18.7,27.7,269,9,17,86,79
15/7/2024,16:54:50,17.7,27.7,269,9,17,86,79
15/7/2024,17:24:50,17.1,27.6,269,9,17,86,79
15/7/2024,17:54:50,18,27.7,269,9,17,86,79
15/7/2024,18:24:50,22.2,27.7,273,9,18,88,81
15/7/2024,18:54:50,21.6,27.7,273,9,18,88,81
15/7/2024,19:24:50,21.1,27.6,273,9,18,88,81
15/7/2024,19:54:50,21,27.5,273,9,18,88,81
15/7/2024,20:24:50,21,27.4,273,9,18,88,81
15/7/2024,20:54:50,20.8,27.3,272,9,18,88,81
15/7/2024,21:24:50,21.6,27.3,272,9,18,88,81
15/7/2024,21:54:50,20.6,27.2,272,9,18,88,81
15/7/2024,22:24:50,20.2,27.2,272,9,18,88,81
15/7/2024,22:54:50,21.7,27.2,272,9,18,88,81
15/7/2024,23:24:50,20.4,27,272,9,18,88,81
15/7/2024,23:54:50,20.2,27,272,9,18,88,81
16/7/2024,0:24:50,21.4,27,272,9,18,88,81
16/7/2024,0:54:50,19.9,26.9,272,9,18,88,81
16/7/2024,1:24:50,19.9,26.9,271,9,18,87,80
16/7/2024,1:54:50,20.4,26.9,271,9,18,87,80
16/7/2024,2:24:50,20.6,26.8,271,9,18,87,80
16/7/2024,2:54:50,19.5,26.7,271,9,18,87,80
16/7/2024,3:24:50,19.5,26.7,271,9,18,87,80
16/7/2024,3:54:50,19.5,26.6,271,9,18,87,80
16/7/2024,4:24:50,20.4,26.6,271,9,18,87,80
16/7/2024,4:54:50,21,26.5,271,9,18,87,80
16/7/2024,5:24:50,18.5,26.5,271,9,18,87,80
16/7/2024,5:54:50,20.2,26.5,270,9,17,87,80
16/7/2024,6:24:50,19,26.5,270,9,17,87,80
16/7/2024,6:54:50,19.5,26.5,270,9,17,87,80
16/7/2024,7:24:50,19.7,26.5,270,9,17,87,80
16/7/2024,7:54:50,19.2,26.5,270,9,17,87,80
16/7/2024,8:24:50,20,26.5,270,9,17,87,80
16/7/2024,8:54:50,20,26.6,270,9,17,87,80
16/7/2024,9:24:50,18.5,26.6,270,9,17,87,80
16/7/2024,9:54:50,18.3,26.7,270,9,17,87,80
16/7/2024,10:24:50,18.3,26.9,270,9,17,87,80
16/7/2024,10:54:50,19.5,26.9,270,9,17,87,80
16/7/2024,11:24:50,20,27,270,9,17,87,80
16/7/2024,11:54:50,19.2,27.2,270,9,17,87,80
16/7/2024,12:24:50,18.3,27.2,270,9,17,87,80
16/7/2024,12:54:50,18.8,27.3,270,9,17,87,80
16/7/2024,13:24:50,18.3,27.4,269,9,17,86,79
16/7/2024,13:54:50,17.6,27.5,269,9,17,86,79
16/7/2024,14:24:50,17.6,27.5,269,9,17,86,79
16/7/2024,14:54:50,18.2,27.6,269,9,17,86,79
16/7/2024,15:24:50,17.4,27.6,269,9,17,86,79
16/7/2024,15:54:50,19.3,27.6,269,9,17,86,79
16/7/2024,16:24:50,17.4,27.6,269,9,17,86,79
16/7/2024,16:54:50,17.8,27.6,269,9,17,86,79
16/7/2024,17:24:50,18,27.7,269,9,17,86,79
16/7/2024,17:54:50,17.8,27.7,269,9,17,86,79
16/7/2024,18:24:50,17.1,27.7,269,9,17,86,79
16/7/2024,18:54:50,18.2,27.6,269,9,17,86,79
16/7/2024,19:24:50,17.7,27.6,269,9,17,86,79
16/7/2024,19:54:50,18.2,27.5,269,9,17,86,79
16/7/2024,20:24:50,17.7,27.4,269,9,17,86,79
16/7/2024,20:54:50,17.6,27.4,269,9,17,86,79
16/7/2024,21:24:50,17.4,27.4,269,9,17,86,79
16/7/2024,21:54:50,17.7,27.4,269,9,17,86,79
16/7/2024,22:24:50,18.7,27.3,269,9,17,86,79
16/7/2024,22:54:50,18.3,27.3,269,9,17,86,79
16/7/2024,23:24:50,16.5,27.2,269,9,17,86,79
16/7/2024,23:54:50,18.4,27.1,269,9,17,86,79
17/7/2024,0:24:50,17.8,27.1,269,9,17,86,79
17/7/2024,0:54:50,17.7,27,269,9,17,86,79
17/7/2024,1:24:50,18.6,26.9,269,9,17,86,79
17/7/2024,1:54:50,17.5,26.9,269,9,17,86,79
17/7/2024,2:24:50,18,26.8,269,9,17,86,79
17/7/2024,2:54:50,17.8,26.8,268,9,17,86,79
17/7/2024,3:24:50,17.1,26.7,269,9,17,86,79
17/7/2024,3:54:50,16.7,26.7,268,9,17,86,79
17/7/2024,4:24:50,17.6,26.6,269,9,17,86,79
17/7/2024,4:54:50,17.4,26.5,269,9,17,86,79
17/7/2024,5:24:50,17.4,26.5,268,9,17,86,79
17/7/2024,5:54:50,17.7,26.5,268,9,17,86,79
17/7/2024,6:24:50,17.1,26.4,268,9,17,86,79
17/7/2024,6:54:50,18.8,26.4,268,9,17,86,79
17/7/2024,7:24:50,18.1,26.4,268,9,17,86,79
17/7/2024,7:54:50,18.1,26.4,268,9,17,86,79
17/7/2024,8:24:50,16.4,26.4,268,9,17,86,79
17/7/2024,8:54:50,18.8,26.5,268,9,17,86,79
17/7/2024,9:24:50,18.5,26.6,268,9,17,86,79
17/7/2024,9:54:51,16.4,26.7,268,9,17,86,79
17/7/2024,10:24:51,16.7,26.9,268,9,17,86,79
17/7/2024,10:54:51,17.8,26.9,268,9,17,86,79
17/7/2024,11:24:51,16.2,27.1,268,9,17,86,79
17/7/2024,11:54:51,16.4,27.2,268,9,17,86,79
17/7/2024,12:24:51,18.2,27.2,268,9,17,86,79
17/7/2024,12:54:51,17.3,27.4,268,9,17,86,79
17/7/2024,13:24:51,16.4,27.4,268,9,17,86,79
17/7/2024,13:54:51,16.5,27.4,268,9,17,86,79
17/7/2024,14:24:51,16,27.5,268,9,17,86,79
17/7/2024,14:54:51,17.5,27.6,268,9,17,86,79
17/7/2024,15:24:51,15.9,27.6,268,9,17,86,79
17/7/2024,15:54:51,16.2,27.6,268,9,17,86,79
17/7/2024,16:24:51,15.6,27.7,268,9,17,86,79
17/7/2024,16:54:51,16.8,27.7,268,9,17,86,79
17/7/2024,17:24:51,16.1,27.7,268,9,17,86,79
17/7/2024,17:54:51,17,27.8,268,9,17,86,79
17/7/2024,18:24:51,16.2,27.7,268,9,17,86,79
17/7/2024,18:54:51,16.1,27.7,268,9,17,86,79
17/7/2024,19:24:51,17.4,27.6,268,9,17,86,79
17/7/2024,19:54:51,15.6,27.5,268,9,17,86,79
17/7/2024,20:24:51,16.8,27.4,268,9,17,86,79
17/7/2024,20:54:51,16,27.4,268,9,17,86,79
17/7/2024,21:24:51,16.8,27.3,268,9,17,86,79
17/7/2024,21:54:51,16.8,27.3,268,9,17,86,79
17/7/2024,22:24:51,16.8,27.2,268,9,17,86,79
17/7/2024,22:54:51,15.6,27.2,268,9,17,86,79
17/7/2024,23:24:51,16.2,27.1,268,9,17,86,79
17/7/2024,23:54:51,15.6,27.1,268,9,17,86,79
18/7/2024,0:24:51,15.5,27.1,268,9,17,86,79
18/7/2024,0:54:51,17.2,27,268,9,17,86,79
18/7/2024,1:24:51,17.2,26.9,268,9,17,86,79
18/7/2024,1:54:51,15.5,26.9,268,9,17,86,79
18/7/2024,2:24:51,16.8,26.9,268,9,17,86,79
18/7/2024,2:54:51,15.5,26.8,268,9,17,86,79
18/7/2024,3:24:51,16.4,26.8,268,9,17,86,79
18/7/2024,3:54:51,16.8,26.7,267,9,17,86,78
18/7/2024,4:24:51,16.2,26.7,268,9,17,86,79
18/7/2024,4:54:51,16.1,26.7,267,9,17,86,78
18/7/2024,5:24:51,18.1,26.7,268,9,17,86,79
18/7/2024,5:54:51,15.5,26.6,268,9,17,86,79
18/7/2024,6:24:51,15.5,26.7,267,9,17,86,78
18/7/2024,6:54:51,17,26.7,268,9,17,86,79
18/7/2024,7:24:51,17,26.6,268,9,17,86,79
18/7/2024,7:54:51,16.7,26.6,269,9,17,86,79
18/7/2024,8:24:51,17.6,26.7,269,9,17,86,79
18/7/2024,8:54:51,17.4,26.7,269,9,17,86,79
18/7/2024,9:24:51,17.1,26.8,269,9,17,86,79
18/7/2024,9:54:51,17.7,26.9,269,9,17,86,79
18/7/2024,10:24:51,17.1,27,269,9,17,86,79
18/7/2024,10:54:51,17.7,27.1,269,9,17,86,79
18/7/2024,11:24:51,17.8,27.2,269,9,17,86,79
18/7/2024,11:54:51,18.3,27.3,269,9,17,86,79
18/7/2024,12:24:51,18.3,27.4,269,9,17,86,79
18/7/2024,12:54:51,17.1,27.5,269,9,17,86,79
18/7/2024,13:24:51,17.7,27.6,269,9,17,86,79
18/7/2024,13:54:51,17.7,27.7,269,9,17,86,79
18/7/2024,14:24:51,18.1,27.8,269,9,17,86,79
18/7/2024,14:54:51,16.7,27.8,269,9,17,86,79
18/7/2024,15:24:51,18.2,27.8,269,9,17,86,79
18/7/2024,15:54:51,18,27.9,269,9,17,86,79
18/7/2024,16:24:51,17.1,27.9,269,9,17,86,79
18/7/2024,16:54:51,18.2,27.9,269,9,17,86,79
18/7/2024,17:24:51,16,27.9,269,9,17,86,79
18/7/2024,17:54:51,18.5,27.9,269,9,17,86,79
18/7/2024,18:24:51,16.7,27.9,269,9,17,86,79
18/7/2024,18:54:51,18,27.9,268,9,17,86,79
18/7/2024,19:24:51,16.8,27.9,268,9,17,86,79
18/7/2024,19:54:51,17.9,27.8,268,9,17,86,79
18/7/2024,20:24:51,16,27.8,269,9,17,86,79
18/7/2024,20:54:51,16.8,27.7,268,9,17,86,79
18/7/2024,21:24:51,18.1,27.6,268,9,17,86,79
18/7/2024,21:54:51,16.8,27.6,268,9,17,86,79
18/7/2024,22:24:51,17,27.5,268,9,17,86,79
18/7/2024,22:54:51,16.2,27.4,268,9,17,86,79
18/7/2024,23:24:51,16.2,27.4,268,9,17,86,79
18/7/2024,23:54:51,17,27.3,268,9,17,86,79
19/7/2024,0:24:51,17,27.3,268,9,17,86,79
19/7/2024,0:54:51,16.1,27.2,268,9,17,86,79
19/7/2024,1:24:51,18,27.1,268,9,17,86,79
19/7/2024,1:54:51,17.7,27,268,9,17,86,79
19/7/2024,2:24:51,17.4,27,268,9,17,86,79
19/7/2024,2:54:51,15.7,27,268,9,17,86,79
19/7/2024,3:24:51,15.9,26.9,268,9,17,86,79
19/7/2024,3:54:51,16.1,26.9,268,9,17,86,79
19/7/2024,4:24:51,17,26.9,268,9,17,86,79
19/7/2024,4:54:51,16.7,26.9,268,9,17,86,79
19/7/2024,5:24:51,15.6,26.8,268,9,17,86,79
19/7/2024,5:54:51,15.7,26.8,268,9,17,86,79
19/7/2024,6:24:51,16.8,26.8,268,9,17,86,79
19/7/2024,6:54:51,16.4,26.8,268,9,17,86,79
19/7/2024,7:24:51,16.2,26.8,268,9,17,86,79
19/7/2024,7:54:51,15.5,26.7,268,9,17,86,79
19/7/2024,8:24:51,16.4,26.8,268,9,17,86,79
19/7/2024,8:54:51,15.5,26.9,268,9,17,86,79
19/7/2024,9:24:51,26.7,25.8,274,9,18,89,82
19/7/2024,9:54:51,25.4,25.7,274,9,18,89,82
19/7/2024,10:24:51,24,25.7,273,9,18,88,81
19/7/2024,10:54:51,25.3,25.7,273,9,18,88,81
19/7/2024,11:24:51,23.4,25.6,273,9,18,88,81
19/7/2024,11:54:51,23.5,25.7,273,9,18,88,81
19/7/2024,12:24:51,22.5,25.8,273,9,18,88,81
19/7/2024,12:54:51,22.9,25.8,272,9,18,88,81
19/7/2024,13:24:51,21.8,26,273,9,18,88,81
19/7/2024,13:54:51,22.2,26.2,273,9,18,88,81
19/7/2024,14:24:51,21.8,26.3,273,9,18,88,81
19/7/2024,14:54:51,21.9,26.4,273,9,18,88,81
19/7/2024,15:24:51,22,26.5,272,9,18,88,81
19/7/2024,15:54:51,21.4,26.5,272,9,18,88,81
19/7/2024,16:24:51,21.3,26.7,272,9,18,88,81
19/7/2024,16:54:51,21.1,26.7,272,9,18,88,81
19/7/2024,17:24:51,21.1,26.8,272,9,18,88,81
19/7/2024,17:54:51,22.4,26.9,272,9,18,88,81
19/7/2024,18:24:51,21.3,26.9,272,9,18,88,81
19/7/2024,18:54:51,20.7,26.9,272,9,18,88,81
19/7/2024,19:24:51,21.7,26.9,272,9,18,88,81
19/7/2024,19:54:51,21,26.9,272,9,18,88,81
19/7/2024,20:24:51,22.2,26.8,272,9,18,88,81
19/7/2024,20:54:51,20.6,26.8,272,9,18,88,81
19/7/2024,21:24:51,22,26.8,272,9,18,88,81
19/7/2024,21:54:51,19.9,26.7,272,9,18,88,81
19/7/2024,22:24:51,20.9,26.7,272,9,18,88,81
19/7/2024,22:54:51,21.7,26.7,272,9,18,88,81
19/7/2024,23:24:51,21,26.7,272,9,18,88,81
19/7/2024,23:54:51,20.4,26.6,272,9,18,88,81
20/7/2024,16:04:40,17.8,27.7,270,9,17,87,80
20/7/2024,16:34:40,18.5,27.7,270,9,17,87,80
20/7/2024,17:04:40,17.8,27.7,270,9,17,87,80
20/7/2024,17:34:40,18.8,27.7,269,9,17,86,79
20/7/2024,18:04:40,18.1,27.8,270,9,17,87,80
20/7/2024,18:34:40,18.9,27.7,270,9,17,87,80
20/7/2024,19:04:40,18,27.7,269,9,17,86,79
20/7/2024,19:34:40,18.2,27.7,269,9,17,86,79
20/7/2024,20:04:40,17.8,27.6,269,9,17,86,79
20/7/2024,20:34:40,17.6,27.5,269,9,17,86,79
20/7/2024,21:04:40,17.8,27.4,269,9,17,86,79
20/7/2024,21:34:40,17.4,27.4,269,9,17,86,79
20/7/2024,22:04:40,18,27.4,269,9,17,86,79
20/7/2024,22:34:40,16.7,27.3,269,9,17,86,79
20/7/2024,23:04:40,17.7,27.3,269,9,17,86,79
20/7/2024,23:34:40,17.1,27.2,269,9,17,86,79
21/7/2024,0:04:40,18,27.2,269,9,17,86,79
21/7/2024,0:34:40,17.7,27.1,269,9,17,86,79
21/7/2024,1:04:40,18.8,27.1,269,9,17,86,79
21/7/2024,1:34:40,17.4,27,269,9,17,86,79
21/7/2024,2:04:40,17.4,27,269,9,17,86,79
21/7/2024,2:34:40,18.4,26.9,269,9,17,86,79
21/7/2024,3:04:40,16.7,26.9,269,9,17,86,79
21/7/2024,3:34:40,16.7,26.9,269,9,17,86,79
21/7/2024,4:04:40,18,26.8,269,9,17,86,79
21/7/2024,4:34:40,18.8,26.8,269,9,17,86,79
21/7/2024,5:04:40,18.8,26.8,269,9,17,86,79
21/7/2024,5:34:40,16.7,26.7,269,9,17,86,79
21/7/2024,6:04:40,17.9,26.7,269,9,17,86,79
21/7/2024,6:34:40,16.7,26.7,269,9,17,86,79
21/7/2024,7:04:40,16.7,26.7,269,9,17,86,79
21/7/2024,7:34:40,17.9,26.7,269,9,17,86,79
21/7/2024,8:04:40,19.4,26.6,269,9,17,86,79
21/7/2024,8:34:40,16.4,26.7,269,9,17,86,79
21/7/2024,9:04:40,17.6,26.8,269,9,17,86,79
21/7/2024,9:34:40,17.7,26.9,269,9,17,86,79
21/7/2024,10:04:40,16.6,27,269,9,17,86,79
21/7/2024,10:34:40,16.7,27.2,269,9,17,86,79
21/7/2024,11:04:40,16.4,27.2,269,9,17,86,79
21/7/2024,11:34:40,19.5,27.3,269,9,17,86,79
21/7/2024,12:04:40,16.2,27.4,269,9,17,86,79
21/7/2024,12:34:40,17.8,27.6,269,9,17,86,79
21/7/2024,13:04:40,16.4,27.6,269,9,17,86,79
21/7/2024,13:34:40,18.8,27.7,269,9,17,86,79
21/7/2024,14:04:40,17,27.7,269,9,17,86,79
21/7/2024,14:34:40,16.1,27.8,269,9,17,86,79
21/7/2024,15:04:40,16,27.9,269,9,17,86,79
21/7/2024,15:34:40,17,27.9,268,9,17,86,79
21/7/2024,16:04:40,16,28,268,9,17,86,79
21/7/2024,16:34:40,17.9,28,268,9,17,86,79
21/7/2024,17:04:40,16.8,28,268,9,17,86,79
21/7/2024,17:34:40,17.5,28,268,9,17,86,79
21/7/2024,18:04:40,18.1,27.9,268,9,17,86,79
21/7/2024,18:34:40,16.4,27.9,268,9,17,86,79
21/7/2024,19:04:40,16,27.9,268,9,17,86,79
21/7/2024,19:34:40,17,27.8,268,9,17,86,79
21/7/2024,20:04:40,18,27.8,268,9,17,86,79
21/7/2024,20:34:40,17,27.7,268,9,17,86,79
21/7/2024,21:04:40,18,27.7,268,9,17,86,79
21/7/2024,21:34:40,16.8,27.6,268,9,17,86,79
21/7/2024,22:04:40,16.8,27.6,268,9,17,86,79
21/7/2024,22:34:40,15.6,27.5,268,9,17,86,79
21/7/2024,23:04:40,16.8,27.4,268,9,17,86,79
21/7/2024,23:34:40,15.6,27.4,268,9,17,86,79
22/7/2024,0:04:40,16.8,27.4,268,9,17,86,79
22/7/2024,0:34:40,15.6,27.3,268,9,17,86,79
22/7/2024,1:04:40,17.4,27.2,268,9,17,86,79
22/7/2024,1:34:40,17.1,27.2,268,9,17,86,79
22/7/2024,2:04:40,16.8,27.1,268,9,17,86,79
22/7/2024,2:34:40,17,27,268,9,17,86,79
22/7/2024,3:04:40,16.7,26.9,268,9,17,86,79
22/7/2024,3:34:40,17.5,26.9,268,9,17,86,79
22/7/2024,4:04:40,16.2,26.9,268,9,17,86,79
22/7/2024,4:34:40,16,26.8,268,9,17,86,79
22/7/2024,5:04:40,15.6,26.8,268,9,17,86,79
22/7/2024,5:34:40,16,26.7,268,9,17,86,79
22/7/2024,6:04:40,17.8,26.7,268,9,17,86,79
22/7/2024,6:34:40,17.8,26.6,268,9,17,86,79
22/7/2024,7:04:40,16,26.5,268,9,17,86,79
22/7/2024,7:34:40,16,26.5,268,9,17,86,79
22/7/2024,8:04:40,17.9,26.5,268,9,17,86,79
22/7/2024,8:34:40,16,26.5,268,9,17,86,79
22/7/2024,9:04:40,16.2,26.6,268,9,17,86,79
22/7/2024,9:34:40,16.8,26.8,268,9,17,86,79
22/7/2024,10:04:40,16.8,26.9,268,9,17,86,79
22/7/2024,10:34:40,18.4,27.1,268,9,17,86,79
22/7/2024,11:04:40,15.7,27.3,268,9,17,86,79
22/7/2024,11:34:40,16.8,27.4,268,9,17,86,79
22/7/2024,12:04:40,16.6,27.4,268,9,17,86,79
22/7/2024,12:34:40,16.7,27.5,268,9,17,86,79
22/7/2024,13:04:40,16.2,27.6,268,9,17,86,79
22/7/2024,13:34:40,16.2,27.7,268,9,17,86,79
22/7/2024,14:04:40,16.1,27.8,268,9,17,86,79
22/7/2024,14:34:40,16.2,27.9,268,9,17,86,79
22/7/2024,15:04:40,16.8,27.9,268,9,17,86,79
22/7/2024,15:34:40,16.4,28,268,9,17,86,79
22/7/2024,16:04:40,16.1,28,268,9,17,86,79
22/7/2024,16:34:40,14.9,28,268,9,17,86,79
22/7/2024,17:04:40,15.5,28,268,9,17,86,79
22/7/2024,17:34:40,16.6,28.1,268,9,17,86,79
22/7/2024,18:04:40,17.3,28.1,268,9,17,86,79
22/7/2024,18:34:40,20.4,28.3,272,9,18,88,81
22/7/2024,19:04:40,19.7,28.2,273,9,18,88,81
22/7/2024,19:34:40,19.6,28.2,272,9,18,88,81
22/7/2024,20:04:40,19.6,28.1,272,9,18,88,81
22/7/2024,20:34:40,20.7,28,272,9,18,88,81
22/7/2024,21:04:40,19,27.9,272,9,18,88,81
22/7/2024,21:34:40,20.3,27.9,272,9,18,88,81
22/7/2024,22:04:40,18.9,27.8,272,9,18,88,81
22/7/2024,22:34:40,18.3,27.8,271,9,18,87,80
22/7/2024,23:04:40,19.6,27.6,271,9,18,87,80
22/7/2024,23:34:40,18.8,27.6,271,9,18,87,80
23/7/2024,0:04:40,20.1,27.6,271,9,18,87,80
23/7/2024,0:34:40,19.5,27.6,271,9,18,87,80
23/7/2024,1:04:40,18.6,27.5,271,9,18,87,80
23/7/2024,1:34:40,18.4,27.4,271,9,18,87,80
23/7/2024,2:04:40,17.7,27.4,271,9,18,87,80
23/7/2024,2:34:40,17.6,27.3,270,9,17,87,80
23/7/2024,3:04:40,17.8,27.2,270,9,17,87,80
23/7/2024,3:34:40,19.6,27.1,270,9,17,87,80
23/7/2024,4:04:40,18.2,27.1,270,9,17,87,80
23/7/2024,4:34:40,17.1,27.1,270,9,17,87,80
23/7/2024,5:04:40,18.7,27,270,9,17,87,80
23/7/2024,5:34:40,17.8,27,270,9,17,87,80
23/7/2024,6:04:40,18.5,26.9,270,9,17,87,80
23/7/2024,6:34:40,19,26.9,270,9,17,87,80
23/7/2024,7:04:41,18.2,26.9,270,9,17,87,80
23/7/2024,7:34:41,19.6,26.8,270,9,17,87,80
23/7/2024,8:04:41,18.3,26.8,270,9,17,87,80
23/7/2024,8:34:41,17.7,26.9,270,9,17,87,80
23/7/2024,9:04:41,16.7,26.9,269,9,17,86,79
23/7/2024,9:34:41,18.5,27.1,269,9,17,86,79
23/7/2024,10:04:41,17.4,27.2,269,9,17,86,79
23/7/2024,10:34:41,17.1,27.3,269,9,17,86,79
23/7/2024,11:04:41,16.4,27.5,269,9,17,86,79
23/7/2024,11:34:41,16.1,27.6,269,9,17,86,79
23/7/2024,12:04:41,19.2,27.7,269,9,17,86,79
23/7/2024,12:34:41,17.7,27.8,269,9,17,86,79
23/7/2024,13:04:41,16.7,27.9,269,9,17,86,79
23/7/2024,13:34:41,16.4,27.9,269,9,17,86,79
23/7/2024,14:04:41,16.7,28,269,9,17,86,79
23/7/2024,14:34:41,18,28.1,269,9,17,86,79
23/7/2024,15:04:41,17.6,28.1,269,9,17,86,79
23/7/2024,15:34:41,15.6,28.1,269,9,17,86,79
23/7/2024,16:04:41,16.8,28.1,269,9,17,86,79
23/7/2024,16:34:41,16.3,28.2,269,9,17,86,79
23/7/2024,17:04:41,17.2,28.2,269,9,17,86,79
23/7/2024,17:34:41,15.6,28.2,269,9,17,86,79
23/7/2024,18:04:41,16.8,28.1,269,9,17,86,79
23/7/2024,18:34:41,17.9,28.2,269,9,17,86,79
23/7/2024,19:04:41,18.5,28.1,268,9,17,86,79
23/7/2024,19:34:41,16.2,27.9,269,9,17,86,79
23/7/2024,20:04:41,17.4,27.8,268,9,17,86,79
23/7/2024,20:34:41,17.4,27.8,268,9,17,86,79
23/7/2024,21:04:41,15.9,27.8,268,9,17,86,79
23/7/2024,21:34:41,15.5,27.7,268,9,17,86,79
23/7/2024,22:04:41,16.5,27.7,268,9,17,86,79
23/7/2024,22:34:41,16.6,27.6,268,9,17,86,79
23/7/2024,23:04:41,16.1,27.6,268,9,17,86,79
23/7/2024,23:34:41,15.5,27.6,268,9,17,86,79
24/7/2024,0:04:41,15.5,27.6,268,9,17,86,79
24/7/2024,0:34:41,16.2,27.5,268,9,17,86,79
24/7/2024,1:04:41,15.5,27.4,268,9,17,86,79
24/7/2024,1:34:41,15.6,27.3,268,9,17,86,79
24/7/2024,2:04:41,16,27.2,268,9,17,86,79
24/7/2024,2:34:41,16.1,27.2,268,9,17,86,79
24/7/2024,3:04:41,17,27.1,268,9,17,86,79
24/7/2024,3:34:41,16,27.1,268,9,17,86,79
24/7/2024,4:04:41,16.1,27.1,268,9,17,86,79
24/7/2024,4:34:41,16.2,27,268,9,17,86,79
24/7/2024,5:04:41,15.9,27,268,9,17,86,79
24/7/2024,5:34:41,15.5,26.9,268,9,17,86,79
24/7/2024,6:04:41,19.3,26.9,269,9,17,86,79
24/7/2024,6:34:41,18.5,26.8,270,9,17,87,80
24/7/2024,7:04:41,17.4,26.8,270,9,17,87,80
24/7/2024,7:34:41,18.4,26.7,270,9,17,87,80
24/7/2024,8:04:41,20.2,26.8,270,9,17,87,80
24/7/2024,8:34:41,18.3,26.9,270,9,17,87,80
24/7/2024,9:04:41,18.2,27,270,9,17,87,80
24/7/2024,9:34:41,19.5,27.1,270,9,17,87,80
24/7/2024,10:04:41,17.6,27.2,270,9,17,87,80
24/7/2024,10:34:41,18.3,27.4,270,9,17,87,80
24/7/2024,11:04:41,17.2,27.5,270,9,17,87,80
24/7/2024,11:34:41,18.2,27.6,270,9,17,87,80
24/7/2024,12:04:41,17.3,27.7,270,9,17,87,80
24/7/2024,12:34:41,17.8,27.8,270,9,17,87,80
24/7/2024,13:04:41,17.7,27.8,270,9,17,87,80
24/7/2024,13:34:41,16.7,27.9,270,9,17,87,80
24/7/2024,14:04:41,16.7,28,270,9,17,87,80
24/7/2024,14:34:41,17.3,28,270,9,17,87,80
24/7/2024,15:04:41,16.7,28.1,270,9,17,87,80
24/7/2024,15:34:41,17.6,28.1,269,9,17,86,79
24/7/2024,16:04:41,16.8,28.1,269,9,17,86,79
24/7/2024,16:34:41,16,28.1,269,9,17,86,79
24/7/2024,17:04:41,17,28.1,269,9,17,86,79
24/7/2024,17:34:41,16.1,28,269,9,17,86,79
24/7/2024,18:04:41,16.6,28.1,269,9,17,86,79
24/7/2024,18:34:41,16.4,28.1,269,9,17,86,79
24/7/2024,19:04:41,16.8,28.1,269,9,17,86,79
24/7/2024,19:34:41,16.1,28.1,269,9,17,86,79
24/7/2024,20:04:41,16.1,28,269,9,17,86,79
24/7/2024,20:34:41,15.6,28,268,9,17,86,79
24/7/2024,21:04:41,15.5,27.9,268,9,17,86,79
24/7/2024,21:34:41,17.2,27.9,268,9,17,86,79
24/7/2024,22:04:41,17,27.9,268,9,17,86,79
24/7/2024,22:34:41,16.6,27.9,268,9,17,86,79
24/7/2024,23:04:41,16.2,27.9,268,9,17,86,79
24/7/2024,23:34:41,17.6,27.8,268,9,17,86,79
25/7/2024,0:04:41,16.2,27.8,268,9,17,86,79
25/7/2024,0:34:41,16.2,27.8,268,9,17,86,79
25/7/2024,1:04:41,15.5,27.8,268,9,17,86,79
25/7/2024,1:34:41,15.6,27.6,268,9,17,86,79
25/7/2024,2:04:41,17.2,27.6,268,9,17,86,79
25/7/2024,2:34:41,16.6,27.5,268,9,17,86,79
25/7/2024,3:04:41,17,27.4,268,9,17,86,79
25/7/2024,3:34:41,15.4,27.4,268,9,17,86,79
25/7/2024,4:04:41,15.6,27.3,268,9,17,86,79
25/7/2024,4:34:41,16.2,27.2,268,9,17,86,79
25/7/2024,5:04:41,16.8,27.2,268,9,17,86,79
25/7/2024,5:34:41,16.6,27.1,268,9,17,86,79
25/7/2024,6:04:41,15.2,27,268,9,17,86,79
25/7/2024,6:34:41,16.1,27.1,268,9,17,86,79
25/7/2024,7:04:41,17.2,27,268,9,17,86,79
25/7/2024,7:34:41,16.1,27,268,9,17,86,79
25/7/2024,8:04:41,15.7,26.9,268,9,17,86,79
25/7/2024,8:34:41,16.7,27,268,9,17,86,79
25/7/2024,9:04:41,14.9,27.2,268,9,17,86,79
25/7/2024,9:34:41,16.1,27.3,267,9,17,86,78
25/7/2024,10:04:41,15.5,27.4,268,9,17,86,79
25/7/2024,10:34:41,15.9,27.6,268,9,17,86,79
25/7/2024,11:04:41,14.7,27.6,268,9,17,86,79
25/7/2024,11:34:41,15.5,27.8,268,9,17,86,79
25/7/2024,12:04:41,16.5,27.9,268,9,17,86,79
25/7/2024,12:34:41,16.1,27.9,268,9,17,86,79
25/7/2024,13:04:41,15.7,28,267,9,17,86,78
25/7/2024,13:34:41,15.2,28.1,268,9,17,86,79
25/7/2024,14:04:41,16.6,28.2,267,9,17,86,78
25/7/2024,14:34:41,15.9,28.2,267,9,17,86,78
25/7/2024,15:04:41,15.4,28.3,267,9,17,86,78
25/7/2024,15:34:41,15.3,28.3,267,9,17,86,78
25/7/2024,16:04:41,14.3,28.3,267,9,17,86,78
25/7/2024,16:34:41,14.1,28.3,267,9,17,86,78
25/7/2024,17:04:41,14.8,28.3,267,9,17,86,78
25/7/2024,17:34:41,15.9,28.3,267,9,17,86,78
25/7/2024,18:04:41,14,28.4,267,9,17,86,78
25/7/2024,18:34:41,14.8,28.3,267,9,17,86,78
25/7/2024,19:04:41,14.1,28.3,267,9,17,86,78
25/7/2024,19:34:41,15.5,28.3,267,9,17,86,78
25/7/2024,20:04:41,14.1,28.2,267,9,17,86,78
25/7/2024,20:34:41,14.7,28.1,267,9,17,86,78
25/7/2024,21:04:41,14.1,28.1,267,9,17,86,78
25/7/2024,21:34:41,14.1,28,267,9,17,86,78
25/7/2024,22:04:41,13.6,27.9,267,9,17,86,78
25/7/2024,22:34:41,15.3,27.9,267,9,17,86,78
25/7/2024,23:04:41,13.9,27.9,267,9,17,86,78
25/7/2024,23:34:41,14.7,27.9,267,9,17,86,78
26/7/2024,0:04:41,15.5,27.8,267,9,17,86,78
26/7/2024,0:34:41,16.1,27.8,267,9,17,86,78
26/7/2024,1:04:41,13.6,27.8,267,9,17,86,78
26/7/2024,1:34:41,13.2,27.6,267,9,17,86,78
26/7/2024,2:04:41,14.2,27.5,267,9,17,86,78
26/7/2024,2:34:41,14.7,27.5,267,9,17,86,78
26/7/2024,3:04:41,13.6,27.4,267,9,17,86,78
26/7/2024,3:34:41,15.2,27.4,267,9,17,86,78
26/7/2024,4:04:41,13.2,27.3,267,9,17,86,78
26/7/2024,4:34:41,13.2,27.3,267,9,17,86,78
26/7/2024,5:04:41,13.2,27.2,267,9,17,86,78
26/7/2024,5:34:41,13.2,27.1,267,9,17,86,78
26/7/2024,6:04:41,15.2,27.1,267,9,17,86,78
26/7/2024,6:34:41,13.8,27,267,9,17,86,78
26/7/2024,7:04:41,15.3,27,267,9,17,86,78
26/7/2024,7:34:41,12.9,27,267,9,17,86,78
26/7/2024,8:04:41,14.7,27.1,267,9,17,86,78
26/7/2024,8:34:42,13.2,27.1,267,9,17,86,78
26/7/2024,9:04:42,13.4,27.2,267,9,17,86,78
26/7/2024,9:34:42,13.2,27.4,267,9,17,86,78
26/7/2024,10:04:42,15.1,27.5,267,9,17,86,78
26/7/2024,10:34:42,14,27.6,267,9,17,86,78
26/7/2024,11:04:42,12.9,27.7,267,9,17,86,78
26/7/2024,11:34:42,13.6,27.8,267,9,17,86,78
26/7/2024,12:04:42,14.4,27.9,267,9,17,86,78
26/7/2024,12:34:42,13.4,28,267,9,17,86,78
26/7/2024,13:04:42,13.8,28,267,9,17,86,78
26/7/2024,13:34:42,12.7,28.1,267,9,17,86,78
26/7/2024,14:04:42,13.4,28.1,267,9,17,86,78
26/7/2024,14:34:42,13.8,28.1,266,9,17,85,78
26/7/2024,15:04:42,13.2,28.2,266,9,17,85,78
26/7/2024,15:34:42,13.2,28.1,266,9,17,85,78
26/7/2024,16:04:42,13.7,28.2,266,9,17,85,78
26/7/2024,16:34:42,13.4,28.2,266,9,17,85,78
26/7/2024,17:04:42,11.8,28.2,266,9,17,85,78
26/7/2024,17:34:42,12.5,28.2,266,9,17,85,78
26/7/2024,18:04:42,11.8,28.3,266,9,17,85,78
26/7/2024,18:34:42,11.8,28.2,266,9,17,85,78
26/7/2024,19:04:42,13.3,28.2,266,9,17,85,78
26/7/2024,19:34:42,12.4,28.1,266,9,17,85,78
26/7/2024,20:04:42,13.7,28.1,266,9,17,85,78
26/7/2024,20:34:42,11.4,28,266,9,17,85,78
26/7/2024,21:04:42,12.4,28,266,9,17,85,78
26/7/2024,21:34:42,13.8,27.9,266,9,17,85,78
26/7/2024,22:04:42,13.7,27.9,266,9,17,85,78
26/7/2024,22:34:42,13.9,27.8,266,9,17,85,78
26/7/2024,23:04:42,13.8,27.7,266,9,17,85,78
26/7/2024,23:34:42,12,27.7,266,9,17,85,78
27/7/2024,0:04:42,13.4,27.7,266,9,17,85,78
27/7/2024,0:34:42,13.5,27.6,266,9,17,85,78
27/7/2024,1:04:42,13.5,27.6,266,9,17,85,78
27/7/2024,1:34:42,12.8,27.5,266,9,17,85,78
27/7/2024,2:04:42,12,27.4,266,9,17,85,78
27/7/2024,2:34:42,11.4,27.3,266,9,17,85,78
27/7/2024,3:04:42,11.4,27.2,266,9,17,85,78
27/7/2024,3:34:42,11.4,27.2,266,9,17,85,78
27/7/2024,4:04:42,11.8,27.1,266,9,17,85,78
27/7/2024,4:34:42,11.3,27.1,266,9,17,85,78
27/7/2024,5:04:42,12.5,27,266,9,17,85,78
27/7/2024,5:34:42,13.4,27,266,9,17,85,78
27/7/2024,6:04:42,11.4,26.9,266,9,17,85,78
27/7/2024,6:34:42,11.4,26.9,266,9,17,85,78
27/7/2024,7:04:42,13.9,26.9,266,9,17,85,78
27/7/2024,7:34:42,13.2,26.8,266,9,17,85,78
27/7/2024,8:04:42,11.9,26.9,266,9,17,85,78
27/7/2024,8:34:42,13.2,26.9,266,9,17,85,78
27/7/2024,9:04:42,11.4,27,266,9,17,85,78
27/7/2024,9:34:42,11.3,27.1,266,9,17,85,78
27/7/2024,10:04:42,13.9,27.3,266,9,17,85,78
27/7/2024,10:34:42,11.3,27.4,266,9,17,85,78
27/7/2024,11:04:42,12.4,27.5,266,9,17,85,78
27/7/2024,11:34:42,11.9,27.6,266,9,17,85,78
27/7/2024,12:04:42,11.8,27.7,266,9,17,85,78
27/7/2024,12:34:42,11.9,27.9,266,9,17,85,78
27/7/2024,13:04:42,11.9,28,266,9,17,85,78
27/7/2024,13:34:42,11.2,28.1,266,9,17,85,78
27/7/2024,14:04:42,12.4,28.2,266,9,17,85,78
27/7/2024,14:34:42,11.2,28.3,266,9,17,85,78
27/7/2024,15:04:42,11.8,28.3,266,9,17,85,78
27/7/2024,15:34:42,11.3,28.3,266,9,17,85,78
27/7/2024,16:04:42,11.2,28.4,266,9,17,85,78
27/7/2024,16:34:42,10.4,28.4,266,9,17,85,78
27/7/2024,17:04:42,11.2,28.4,266,9,17,85,78
27/7/2024,17:34:42,15.5,28.4,268,9,17,86,79
27/7/2024,18:04:42,16.8,28.3,269,9,17,86,79
27/7/2024,18:34:42,16.1,28.2,269,9,17,86,79
27/7/2024,19:04:42,17,28.2,269,9,17,86,79
27/7/2024,19:34:42,15.6,28.2,269,9,17,86,79
27/7/2024,20:04:42,15.9,28.2,269,9,17,86,79
27/7/2024,20:34:42,16.5,28.1,268,9,17,86,79
27/7/2024,21:04:42,16.8,28.1,268,9,17,86,79
27/7/2024,21:34:42,15.4,28,268,9,17,86,79
27/7/2024,22:04:42,15.5,27.9,268,9,17,86,79
27/7/2024,22:34:42,16.5,27.9,268,9,17,86,79
27/7/2024,23:04:42,16.1,27.7,268,9,17,86,79
27/7/2024,23:34:42,15.8,27.7,268,9,17,86,79
28/7/2024,0:04:42,15.4,27.6,268,9,17,86,79
28/7/2024,0:34:42,15,27.6,268,9,17,86,79
28/7/2024,1:04:42,16.1,27.5,268,9,17,86,79
28/7/2024,1:34:42,16.6,27.4,268,9,17,86,79
28/7/2024,2:04:42,14.1,27.3,268,9,17,86,79
28/7/2024,2:34:42,15.2,27.4,268,9,17,86,79
28/7/2024,3:04:42,16.3,27.3,268,9,17,86,79
28/7/2024,3:34:42,14.8,27.2,268,9,17,86,79
28/7/2024,4:04:42,14.3,27.2,268,9,17,86,79
28/7/2024,4:34:42,14.7,27.1,267,9,17,86,78
28/7/2024,5:04:42,14.3,27.1,267,9,17,86,78
28/7/2024,5:34:42,14.1,27,267,9,17,86,78
28/7/2024,6:04:42,14.3,26.9,267,9,17,86,78
28/7/2024,6:34:42,14.1,26.9,267,9,17,86,78
28/7/2024,7:04:42,13.9,26.8,267,9,17,86,78
28/7/2024,7:34:42,13.6,26.8,267,9,17,86,78
28/7/2024,8:04:42,13.2,26.8,267,9,17,86,78
28/7/2024,8:34:42,13.9,26.8,267,9,17,86,78
28/7/2024,9:04:42,13.8,27,267,9,17,86,78
28/7/2024,9:34:42,13.6,27.1,267,9,17,86,78
28/7/2024,10:04:42,14.4,27.2,267,9,17,86,78
28/7/2024,10:34:42,15.3,27.4,267,9,17,86,78
28/7/2024,11:04:42,15.3,27.5,267,9,17,86,78
28/7/2024,11:34:42,12.9,27.6,267,9,17,86,78
28/7/2024,12:04:42,14.5,27.7,267,9,17,86,78
28/7/2024,12:34:42,12.9,27.8,267,9,17,86,78
28/7/2024,13:04:42,12.9,27.9,267,9,17,86,78
28/7/2024,13:34:42,14,28,267,9,17,86,78
28/7/2024,14:04:42,13.4,28.1,267,9,17,86,78
28/7/2024,14:34:42,13.4,28.1,267,9,17,86,78
28/7/2024,15:04:42,12.5,28.2,267,9,17,86,78
28/7/2024,15:34:42,13.6,28.2,267,9,17,86,78
28/7/2024,16:04:42,13.8,28.3,267,9,17,86,78
28/7/2024,16:34:42,12.2,28.3,267,9,17,86,78
28/7/2024,17:04:42,11.8,28.3,267,9,17,86,78
28/7/2024,17:34:42,14.2,28.3,267,9,17,86,78
28/7/2024,18:04:42,16.3,28.3,269,9,17,86,79
28/7/2024,18:34:42,14.9,28.3,269,9,17,86,79
28/7/2024,19:04:42,15.5,28.2,269,9,17,86,79
28/7/2024,19:34:42,15.2,28.2,268,9,17,86,79
28/7/2024,20:04:42,14.3,28.2,268,9,17,86,79
28/7/2024,20:34:42,15.2,28.1,268,9,17,86,79
28/7/2024,21:04:42,15.7,28.1,268,9,17,86,79
28/7/2024,21:34:42,15.4,28.1,268,9,17,86,79
28/7/2024,22:04:42,14,28,268,9,17,86,79
28/7/2024,22:34:42,15.9,27.9,268,9,17,86,79
28/7/2024,23:04:42,14.7,27.9,268,9,17,86,79
28/7/2024,23:34:42,13.6,27.9,268,9,17,86,79
29/7/2024,0:04:42,14,27.8,268,9,17,86,79
29/7/2024,0:34:42,14,27.8,268,9,17,86,79
29/7/2024,1:04:42,13.9,27.7,268,9,17,86,79
29/7/2024,1:34:42,13.2,27.6,268,9,17,86,79
29/7/2024,2:04:42,15,27.6,268,9,17,86,79
29/7/2024,2:34:42,12.9,27.5,268,9,17,86,79
29/7/2024,3:04:42,14,27.5,267,9,17,86,78
29/7/2024,3:34:42,12.9,27.6,267,9,17,86,78
29/7/2024,4:04:42,14,27.5,267,9,17,86,78
29/7/2024,4:34:42,15.2,27.4,267,9,17,86,78
29/7/2024,5:04:42,13.8,27.4,267,9,17,86,78
29/7/2024,5:34:42,13.4,27.4,267,9,17,86,78
29/7/2024,6:04:42,13.4,27.4,267,9,17,86,78
29/7/2024,6:34:42,13.6,27.2,267,9,17,86,78
29/7/2024,7:04:42,13.4,27.2,267,9,17,86,78
29/7/2024,7:34:43,14.3,27.1,267,9,17,86,78
29/7/2024,8:04:43,13.2,27.1,267,9,17,86,78
29/7/2024,8:34:43,15.9,26.9,269,9,17,86,79
29/7/2024,9:04:43,16.8,26.8,269,9,17,86,79
29/7/2024,9:34:43,16.1,26.8,269,9,17,86,79
29/7/2024,10:04:43,15.6,26.8,269,9,17,86,79
29/7/2024,10:34:43,17.4,26.9,269,9,17,86,79
29/7/2024,11:04:43,16.2,27,269,9,17,86,79
29/7/2024,11:34:43,16.1,27,269,9,17,86,79
29/7/2024,12:04:43,16.3,27.1,269,9,17,86,79
29/7/2024,12:34:43,16.5,27.4,269,9,17,86,79
29/7/2024,13:04:43,15.9,27.5,269,9,17,86,79
29/7/2024,13:34:43,15.5,27.7,269,9,17,86,79
29/7/2024,14:04:43,16.1,27.8,269,9,17,86,79
29/7/2024,14:34:43,16.7,27.9,269,9,17,86,79
29/7/2024,15:04:43,16.1,28,269,9,17,86,79
29/7/2024,15:34:43,14.6,28.1,269,9,17,86,79
29/7/2024,16:04:43,15.4,28.1,269,9,17,86,79
29/7/2024,16:34:43,15.2,28.1,269,9,17,86,79
29/7/2024,17:04:43,14.8,28.1,269,9,17,86,79
29/7/2024,17:34:43,14.3,28.2,269,9,17,86,79
29/7/2024,18:04:43,16.1,28.2,269,9,17,86,79
29/7/2024,18:34:43,14.1,28.2,269,9,17,86,79
29/7/2024,19:04:43,14.8,28.2,269,9,17,86,79
29/7/2024,19:34:43,15.6,28.2,269,9,17,86,79
29/7/2024,20:04:43,15.5,28.2,268,9,17,86,79
29/7/2024,20:34:43,14.1,28.2,268,9,17,86,79
29/7/2024,21:04:43,13.9,28.1,268,9,17,86,79
29/7/2024,21:34:43,13.6,28.1,268,9,17,86,79
29/7/2024,22:04:43,15.1,28,268,9,17,86,79
29/7/2024,22:34:43,14.8,28,268,9,17,86,79
29/7/2024,23:04:43,13.2,28,268,9,17,86,79
29/7/2024,23:34:43,13.2,28,268,9,17,86,79
30/7/2024,0:04:43,15.8,28,268,9,17,86,79
30/7/2024,0:34:43,14.6,27.9,268,9,17,86,79
30/7/2024,1:04:43,13.6,27.8,268,9,17,86,79
30/7/2024,1:34:43,13.2,27.6,268,9,17,86,79
30/7/2024,2:04:43,14,27.6,268,9,17,86,79
30/7/2024,2:34:43,13.6,27.5,268,9,17,86,79
30/7/2024,3:04:43,13.2,27.4,268,9,17,86,79
30/7/2024,3:34:43,13.8,27.4,268,9,17,86,79
30/7/2024,4:04:43,13.8,27.4,268,9,17,86,79
30/7/2024,4:34:43,12.9,27.4,268,9,17,86,79
30/7/2024,5:04:43,13.2,27.3,268,9,17,86,79
30/7/2024,5:34:43,12.9,27.3,268,9,17,86,79
30/7/2024,6:04:43,13.7,27.3,268,9,17,86,79
30/7/2024,6:34:43,13.6,27.2,268,9,17,86,79
30/7/2024,7:04:43,13.4,27.2,268,9,17,86,79
30/7/2024,7:34:43,12.7,27.1,268,9,17,86,79
30/7/2024,8:04:43,13.4,27.1,267,9,17,86,78
30/7/2024,8:34:43,12.9,27.1,268,9,17,86,79
30/7/2024,9:04:43,13.7,27.2,267,9,17,86,78
30/7/2024,9:34:43,12.5,27.4,267,9,17,86,78
30/7/2024,10:04:43,14.5,27.4,267,9,17,86,78
30/7/2024,10:34:43,14.9,27.5,267,9,17,86,78
30/7/2024,11:04:43,12.5,27.6,267,9,17,86,78
30/7/2024,11:34:43,13.4,27.7,267,9,17,86,78
30/7/2024,12:04:43,13.4,27.8,267,9,17,86,78
30/7/2024,12:34:43,14,27.9,267,9,17,86,78
30/7/2024,13:04:43,12.4,28.1,267,9,17,86,78
30/7/2024,13:34:43,14.5,28.2,267,9,17,86,78
30/7/2024,14:04:43,12.5,28.3,267,9,17,86,78
30/7/2024,14:34:43,12.7,28.3,267,9,17,86,78
30/7/2024,15:04:43,11.8,28.4,267,9,17,86,78
30/7/2024,15:34:43,11.8,28.4,267,9,17,86,78
30/7/2024,16:04:43,12.5,28.5,267,9,17,86,78
30/7/2024,16:34:43,13.8,28.4,267,9,17,86,78
30/7/2024,17:04:43,11.8,28.2,267,9,17,86,78
30/7/2024,17:34:43,13.4,28.2,267,9,17,86,78
30/7/2024,18:04:43,11.9,28.2,267,9,17,86,78
30/7/2024,18:34:43,12.5,28.2,267,9,17,86,78
30/7/2024,19:04:43,20.6,28.5,275,9,18,89,82
30/7/2024,19:34:43,18.2,28.2,274,9,18,89,82
30/7/2024,20:04:43,18.3,28.1,273,9,18,88,81
30/7/2024,20:34:43,17.8,27.9,272,9,18,88,81
30/7/2024,21:04:43,16.7,27.7,272,9,18,88,81
30/7/2024,21:34:43,17.4,27.6,272,9,18,88,81
30/7/2024,22:04:43,18,27.6,271,9,18,87,80
30/7/2024,22:34:43,16.7,27.5,271,9,18,87,80
30/7/2024,23:04:43,16.4,27.5,271,9,18,87,80
30/7/2024,23:34:43,15.6,27.4,270,9,17,87,80
31/7/2024,0:04:43,17.3,27.4,270,9,17,87,80
31/7/2024,0:34:43,15.6,27.3,270,9,17,87,80
31/7/2024,1:04:43,17.3,27.3,270,9,17,87,80
31/7/2024,1:34:43,16,27.3,270,9,17,87,80
31/7/2024,2:04:43,16.1,27.3,270,9,17,87,80
31/7/2024,2:34:43,16,27.3,269,9,17,86,79
31/7/2024,3:04:43,17.3,27.3,269,9,17,86,79
31/7/2024,3:34:43,15.4,27.2,269,9,17,86,79
31/7/2024,4:04:43,14.6,27.2,269,9,17,86,79
31/7/2024,4:34:43,15.4,27.2,269,9,17,86,79
31/7/2024,5:04:43,15.9,27.2,269,9,17,86,79
31/7/2024,5:34:43,15.9,27.1,269,9,17,86,79
31/7/2024,6:04:43,14.6,27,269,9,17,86,79
31/7/2024,6:34:43,14.8,26.9,269,9,17,86,79
31/7/2024,7:04:43,14.6,26.9,269,9,17,86,79
31/7/2024,7:34:43,15.2,26.8,269,9,17,86,79
31/7/2024,8:04:43,21.6,26.5,275,9,18,89,82
31/7/2024,8:34:43,22.8,26.5,276,9,19,90,82
31/7/2024,9:04:43,21.3,26.5,276,9,19,90,82
31/7/2024,9:34:43,23.7,26.5,276,9,19,90,82
31/7/2024,10:04:43,22.1,26.5,275,9,18,89,82
31/7/2024,10:34:43,21.1,26.6,275,9,18,89,82
31/7/2024,11:04:43,20.4,26.6,274,9,18,89,82
31/7/2024,11:34:43,18.8,26.7,274,9,18,89,82
31/7/2024,12:04:43,20.1,26.8,274,9,18,89,82
31/7/2024,12:34:43,20.1,26.9,274,9,18,89,82
31/7/2024,13:04:43,19.2,27,274,9,18,89,82
31/7/2024,13:34:43,19.5,27.1,274,9,18,89,82
31/7/2024,14:04:43,19,27.1,273,9,18,88,81
31/7/2024,14:34:43,20.2,27.4,273,9,18,88,81
31/7/2024,15:04:43,19.4,27.4,273,9,18,88,81
31/7/2024,15:34:43,18,27.5,273,9,18,88,81
31/7/2024,16:04:43,17.6,27.5,273,9,18,88,81
31/7/2024,16:34:43,18.5,27.6,272,9,18,88,81
31/7/2024,17:04:43,17.6,27.6,272,9,18,88,81
31/7/2024,17:34:43,18.1,27.6,272,9,18,88,81
31/7/2024,18:04:43,17.7,27.6,272,9,18,88,81
31/7/2024,18:34:43,16.7,27.6,272,9,18,88,81
31/7/2024,19:04:43,17.1,27.6,271,9,18,87,80
31/7/2024,19:34:43,16.7,27.5,271,9,18,87,80
31/7/2024,20:04:43,18.2,27.5,271,9,18,87,80
31/7/2024,20:34:43,17.8,27.5,271,9,18,87,80
31/7/2024,21:04:43,17.3,27.4,271,9,18,87,80
31/7/2024,21:34:43,18.1,27.4,271,9,18,87,80
31/7/2024,22:04:43,17.2,27.2,271,9,18,87,80
31/7/2024,22:34:43,16.8,27.2,271,9,18,87,80
31/7/2024,23:04:43,16.4,27.1,271,9,18,87,80
31/7/2024,23:34:44,17.9,27,270,9,17,87,80
1/8/2024,0:04:44,18.1,27.1,270,9,17,87,80
1/8/2024,0:34:44,16.8,27,270,9,17,87,80
1/8/2024,1:04:44,15.9,26.9,270,9,17,87,80
1/8/2024,1:34:44,16,26.8,270,9,17,87,80
1/8/2024,2:04:44,16.6,26.8,270,9,17,87,80
1/8/2024,2:34:44,16,26.7,270,9,17,87,80
1/8/2024,3:04:44,16.8,26.7,270,9,17,87,80
1/8/2024,3:34:44,16.8,26.7,270,9,17,87,80
1/8/2024,4:04:44,16.2,26.7,270,9,17,87,80
1/8/2024,4:34:44,16,26.6,270,9,17,87,80
1/8/2024,5:04:44,16.8,26.5,270,9,17,87,80
1/8/2024,5:34:44,16.5,26.5,270,9,17,87,80
1/8/2024,6:04:44,16.5,26.4,270,9,17,87,80
1/8/2024,6:34:44,17.1,26.4,270,9,17,87,80
1/8/2024,7:04:44,16.2,26.3,269,9,17,86,79
1/8/2024,7:34:44,15.9,26.2,270,9,17,87,80
1/8/2024,8:04:44,16.8,26.3,269,9,17,86,79
1/8/2024,8:34:44,15.6,26.4,270,9,17,87,80
1/8/2024,9:04:44,16.1,26.5,269,9,17,86,79
1/8/2024,9:34:44,15.9,26.5,269,9,17,86,79
1/8/2024,10:04:44,15.6,26.7,269,9,17,86,79
1/8/2024,10:34:44,16.1,26.9,269,9,17,86,79
1/8/2024,11:04:44,15.2,27,269,9,17,86,79
1/8/2024,11:34:44,14.9,27.1,269,9,17,86,79
1/8/2024,12:04:44,15.9,27.2,269,9,17,86,79
1/8/2024,12:34:44,15.4,27.4,269,9,17,86,79
1/8/2024,13:04:44,14.6,27.5,269,9,17,86,79
1/8/2024,13:34:44,15.6,27.6,269,9,17,86,79
1/8/2024,14:04:44,15.5,27.7,269,9,17,86,79
1/8/2024,14:34:44,14.6,27.8,269,9,17,86,79
1/8/2024,15:04:44,15.6,27.9,269,9,17,86,79
1/8/2024,15:34:44,16.2,28,269,9,17,86,79
1/8/2024,16:04:44,16.1,28,269,9,17,86,79
1/8/2024,16:34:44,16.5,28,269,9,17,86,79
1/8/2024,17:04:44,15.4,28.1,268,9,17,86,79
1/8/2024,17:34:44,14.9,28.1,268,9,17,86,79
1/8/2024,18:04:44,14.7,28.1,268,9,17,86,79
1/8/2024,18:34:44,14.7,28.1,268,9,17,86,79
1/8/2024,19:04:44,15.9,28.1,268,9,17,86,79
1/8/2024,19:34:44,14.7,28.1,268,9,17,86,79
1/8/2024,20:04:44,14.3,28.1,268,9,17,86,79
1/8/2024,20:34:44,15.4,28,268,9,17,86,79
1/8/2024,21:04:44,14.6,28,268,9,17,86,79
1/8/2024,21:34:44,14.7,27.9,268,9,17,86,79
1/8/2024,22:04:44,14.5,27.9,268,9,17,86,79
1/8/2024,22:34:44,14.2,27.9,268,9,17,86,79
1/8/2024,23:04:44,14.7,27.8,268,9,17,86,79
1/8/2024,23:34:44,14.6,27.7,268,9,17,86,79
2/8/2024,0:04:44,13.2,27.7,268,9,17,86,79
2/8/2024,0:34:44,14,27.6,268,9,17,86,79
2/8/2024,1:04:44,15.1,27.7,268,9,17,86,79
2/8/2024,1:34:44,16,27.6,268,9,17,86,79
2/8/2024,2:04:44,14,27.5,268,9,17,86,79
2/8/2024,2:34:44,13.2,27.5,268,9,17,86,79
2/8/2024,3:04:44,13.6,27.4,268,9,17,86,79
2/8/2024,3:34:44,13.8,27.4,268,9,17,86,79
29/7/2024,0:04:42,14,27.8,268,9,17,86,79
29/7/2024,0:34:42,14,27.8,268,9,17,86,79
29/7/2024,1:04:42,13.9,27.7,268,9,17,86,79
29/7/2024,1:34:42,13.2,27.6,268,9,17,86,79
29/7/2024,2:04:42,15,27.6,268,9,17,86,79
29/7/2024,2:34:42,12.9,27.5,268,9,17,86,79
29/7/2024,3:04:42,14,27.5,267,9,17,86,78
29/7/2024,3:34:42,12.9,27.6,267,9,17,86,78
29/7/2024,4:04:42,14,27.5,267,9,17,86,78
29/7/2024,4:34:42,15.2,27.4,267,9,17,86,78
29/7/2024,5:04:42,13.8,27.4,267,9,17,86,78
29/7/2024,5:34:42,13.4,27.4,267,9,17,86,78
29/7/2024,6:04:42,13.4,27.4,267,9,17,86,78
29/7/2024,6:34:42,13.6,27.2,267,9,17,86,78
29/7/2024,7:04:42,13.4,27.2,267,9,17,86,78
29/7/2024,7:34:43,14.3,27.1,267,9,17,86,78
29/7/2024,8:04:43,13.2,27.1,267,9,17,86,78
29/7/2024,8:34:43,15.9,26.9,269,9,17,86,79
29/7/2024,9:04:43,16.8,26.8,269,9,17,86,79
29/7/2024,9:34:43,16.1,26.8,269,9,17,86,79
29/7/2024,10:04:43,15.6,26.8,269,9,17,86,79
29/7/2024,10:34:43,17.4,26.9,269,9,17,86,79
29/7/2024,11:04:43,16.2,27,269,9,17,86,79
29/7/2024,11:34:43,16.1,27,269,9,17,86,79
29/7/2024,12:04:43,16.3,27.1,269,9,17,86,79
29/7/2024,12:34:43,16.5,27.4,269,9,17,86,79
29/7/2024,13:04:43,15.9,27.5,269,9,17,86,79
29/7/2024,13:34:43,15.5,27.7,269,9,17,86,79
29/7/2024,14:04:43,16.1,27.8,269,9,17,86,79
29/7/2024,14:34:43,16.7,27.9,269,9,17,86,79
29/7/2024,15:04:43,16.1,28,269,9,17,86,79
29/7/2024,15:34:43,14.6,28.1,269,9,17,86,79
29/7/2024,16:04:43,15.4,28.1,269,9,17,86,79
29/7/2024,16:34:43,15.2,28.1,269,9,17,86,79
2/8/2024,17:18:56,11.4,28.3,267,9,17,86,78
2/8/2024,17:48:56,12,28.2,267,9,17,86,78
2/8/2024,18:18:56,11.4,28.1,267,9,17,86,78
2/8/2024,18:48:56,11.4,28.1,267,9,17,86,78
2/8/2024,19:18:56,12.6,28.1,269,7.9,17,86,79
2/8/2024,19:48:56,12.1,28.1,269,7.6,17,86,79
2/8/2024,20:18:56,11.4,28,269,7.4,17,86,79
2/8/2024,20:48:56,13.1,28,269,7.2,17,86,79
2/8/2024,21:18:56,11.4,27.9,269,7.1,17,86,79
2/8/2024,21:48:56,11.8,27.8,269,7.1,17,86,79
2/8/2024,22:18:56,12.3,27.8,269,7,17,86,79
2/8/2024,22:48:56,13,27.7,269,7,17,86,79
2/8/2024,23:18:56,12.8,27.6,269,7,17,86,79
2/8/2024,23:48:56,14,27.6,269,7,17,86,79
3/8/2024,0:18:56,12.5,27.6,269,6.9,17,86,79
3/8/2024,0:48:56,13.8,27.5,269,7,17,86,79
3/8/2024,1:18:56,12.4,27.5,269,7,17,86,79
3/8/2024,1:48:56,11.6,27.4,269,7,17,86,79
3/8/2024,2:18:56,12.4,27.4,269,7,17,86,79
3/8/2024,2:48:56,12.8,27.4,269,7,17,86,79
3/8/2024,3:18:56,11.4,27.3,269,7.1,17,86,79
3/8/2024,3:48:56,12.2,27.3,269,7.1,17,86,79
3/8/2024,4:18:56,11.8,27.2,269,7.1,17,86,79
3/8/2024,4:48:56,11.8,27.2,269,7.1,17,86,79
3/8/2024,5:18:56,12.5,27.1,269,7.2,17,86,79
3/8/2024,5:48:56,13.4,27,269,7.2,17,86,79
3/8/2024,6:18:56,12,26.9,269,7.2,17,86,79
3/8/2024,6:48:56,11.8,27,269,7.3,17,86,79
3/8/2024,7:18:56,12,27,269,7.4,17,86,79
3/8/2024,7:48:56,11.6,27,269,7.5,17,86,79
3/8/2024,8:18:56,13.8,27,269,7.5,17,86,79
3/8/2024,8:48:56,11.6,27.1,269,7.6,17,86,79
3/8/2024,9:18:56,13.2,27.2,269,7.7,17,86,79
3/8/2024,9:48:56,12,27.2,269,7.8,17,86,79
3/8/2024,10:18:56,11.8,27.3,269,7.8,17,86,79
3/8/2024,10:48:56,13.4,27.4,269,8,17,86,79
3/8/2024,11:18:56,11.4,27.5,269,8,17,86,79
3/8/2024,11:48:56,11.4,27.6,269,8,17,86,79
3/8/2024,12:18:56,11.9,27.6,269,8.1,17,86,79
3/8/2024,12:48:56,12.6,27.7,269,8.1,17,86,79
3/8/2024,13:18:56,13.1,27.7,269,8.1,17,86,79
3/8/2024,13:48:56,11.8,27.9,269,8.2,17,86,79
3/8/2024,14:18:56,11.7,27.8,269,8.3,17,86,79
3/8/2024,14:48:56,12.9,27.6,269,8.3,17,86,79
3/8/2024,15:18:56,16.2,27.4,276,8.2,19,90,82
3/8/2024,15:48:56,17.5,27.5,276,8.2,19,90,82
3/8/2024,16:18:56,16.7,27.5,276,8.2,19,90,82
3/8/2024,16:48:56,17.6,27.5,276,8.3,19,90,82
3/8/2024,17:18:56,17.5,27.5,276,8.3,19,90,82
3/8/2024,17:48:56,17.7,27.5,276,8.2,19,90,82
3/8/2024,18:18:56,18.2,27.4,276,8.2,19,90,82
3/8/2024,18:48:56,17.8,27.4,276,8.3,19,90,82
3/8/2024,19:18:56,17.4,27.4,276,8.3,19,90,82
3/8/2024,19:48:56,18,27.4,276,8.3,19,90,82
3/8/2024,20:18:56,19,27.4,276,8.3,19,90,82
3/8/2024,20:48:56,17.8,27.4,276,8.3,19,90,82
3/8/2024,21:18:56,17.8,27.3,276,8.3,19,90,82
3/8/2024,21:48:56,18.3,27.3,276,8.3,19,90,82
3/8/2024,22:18:56,16.7,27.3,276,8.3,19,90,82
3/8/2024,22:48:56,17.4,27.3,276,8.4,19,90,82
3/8/2024,23:18:56,18,27.3,276,8.4,19,90,82
3/8/2024,23:48:56,17.7,27.2,276,8.3,19,90,82
4/8/2024,0:18:56,18.5,27.2,276,8.4,19,90,82
4/8/2024,0:48:56,18.4,27.2,276,8.4,19,90,82
4/8/2024,1:18:56,18.2,27.1,276,8.4,19,90,82
4/8/2024,1:48:56,17.6,27.1,276,8.4,19,90,82
4/8/2024,2:18:56,16.7,27.1,276,8.4,19,90,82
4/8/2024,2:48:56,17,27,275,8.5,18,89,82
4/8/2024,3:18:56,17.8,26.9,276,8.4,19,90,82
4/8/2024,3:48:56,18.1,26.9,275,8.4,18,89,82
4/8/2024,4:18:56,18,26.9,275,8.5,18,89,82
4/8/2024,4:48:57,17.8,26.9,275,8.4,18,89,82
4/8/2024,5:18:57,19.2,26.9,275,8.4,18,89,82
4/8/2024,5:48:57,18.8,26.9,275,8.5,18,89,82
4/8/2024,6:18:57,17.4,26.9,275,8.5,18,89,82
4/8/2024,6:48:57,16.7,26.9,275,8.5,18,89,82
4/8/2024,7:18:57,18.1,26.9,275,8.5,18,89,82
4/8/2024,7:48:57,16.9,26.8,275,8.5,18,89,82
4/8/2024,8:18:57,18.8,26.8,275,8.5,18,89,82
4/8/2024,8:48:57,17.6,26.9,275,8.5,18,89,82
4/8/2024,9:18:57,26.7,26.7,287,8.3,21,95,88
4/8/2024,9:48:57,25.8,26.7,287,8,21,95,88
4/8/2024,10:18:57,25.3,26.6,287,8,21,95,88
4/8/2024,10:48:57,26,26.7,286,7.9,21,95,87
4/8/2024,11:18:57,25.1,26.7,286,7.9,21,95,87
4/8/2024,11:48:57,28.7,26.6,289,7.9,21,96,89
4/8/2024,12:18:57,28.2,26.2,287,7.8,21,95,88
4/8/2024,12:48:57,26.9,26.3,285,7.7,21,94,87
4/8/2024,13:18:57,26.4,26.4,285,7.7,21,94,87
4/8/2024,13:48:57,25.9,26.5,285,7.6,21,94,87
4/8/2024,14:18:57,26.4,26.6,285,7.6,21,94,87
4/8/2024,14:48:57,25.2,26.6,285,7.7,21,94,87
4/8/2024,15:18:57,25.3,26.7,285,7.8,21,94,87
4/8/2024,15:48:57,27.9,26.8,285,7.7,21,94,87
4/8/2024,16:18:57,25.3,26.8,285,7.8,21,94,87
4/8/2024,16:48:57,25.8,26.7,284,7.7,20,94,86
4/8/2024,17:18:57,26.1,26.7,284,7.7,20,94,86
4/8/2024,17:48:57,26.2,26.7,284,7.8,20,94,86
4/8/2024,18:18:57,24.4,26.7,284,7.8,20,94,86
